Workbook

Sheet SV777-1 (SV004)
A1: *******************************************************************************************
E2: Стойка | M2: XK | N2: 2.1
E3: Контроллер SV 777 | M3: № | N3: ХК 2.1.1
E4: Плата SV 004 | M4: № | N4: 1
E5: Наименование плинтодержателя | M5: № | N5: ХВ-2.1.1
E6: Номер плинта | M6: № | N6: 13
D9: 1 | H9: 2 | L9: 3 | P9: 4
B10: к БП | D10: к SV 004* | F10: к БП | H10: к SV 004* | J10: к БП | L10: к SV 004* | N10: к БП | P10: к SV 004*
B12: 0 | D12: 1 | F12: 2 | H12: 3 | J12: 4 | L12: 5 | N12: 6 | P12: 7 | R12: 8 | T12: 9
B13: A | C13: B | D13: C | E13: D | F13: A | G13: B | H13: C | I13: D | J13: A | K13: B | L13: C | M13: D | N13: A | O13: B | P13: C | Q13: D | R13: A | S13: B | T13: C | U13: D
B15: КАВ (1) | D15: 10 | F15: КАВ (1) | H15: 43 | J15: КАВ (1) | L15: 55 | N15: КАВ (1) | P15: 130
B17: пом. | D17: 14 | F17: пом. | H17: 17 | J17: пом. | L17: 17 | N17: пом. | P17: 20
E19: A - | F19: питание "+" | I19: красный | O19: C - | P19: сигнальный | S19: синий
E20: B - | F20: питание "-" | I20: черный | O20: D - | P20: сигнальный | S20: коричневый
A21: *******************************************************************************************
E22: Стойка | M22: XK | N22: 2.1
E23: Контроллер SV 777 | M23: № | N23: ХК 2.1.1
E24: Плата SV 004 | M24: № | N24: 1
E25: Наименование плинтодержателя | M25: № | N25: ХВ-2.1.1
E26: Номер плинта | M26: № | N26: 14
D29: 1 | H29: 2 | L29: 3 | P29: 4
B30: к БП | D30: к SV 004* | F30: к БП | H30: к SV 004* | J30: к БП | L30: к SV 004* | N30: к БП | P30: к SV 004*
B32: 0 | D32: 1 | F32: 2 | H32: 3 | J32: 4 | L32: 5 | N32: 6 | P32: 7 | R32: 8 | T32: 9
B33: A | C33: B | D33: C | E33: D | F33: A | G33: B | H33: C | I33: D | J33: A | K33: B | L33: C | M33: D | N33: A | O33: B | P33: C | Q33: D | R33: A | S33: B | T33: C | U33: D
B35: КАВ (1) | D35: 109 | F35: КАВ (1) | H35: 163 | J35: ИК (1) | L35: 16 | N35: ИК (1) | P35: 22
B37: пом. | D37: 19 | F37: пом. | H37: 23 | J37: пом. | L37: 14 | N37: пом. | P37: 15
E39: A - | F39: питание "+" | I39: красный | O39: C - | P39: сигнальный | S39: синий
E40: B - | F40: питание "-" | I40: черный | O40: D - | P40: сигнальный | S40: коричневый
A41: *******************************************************************************************
E42: Стойка | M42: XK | N42: 2.1
E43: Контроллер SV 777 | M43: № | N43: ХК 2.1.1
E44: Плата SV 004 | M44: № | N44: 2
E45: Наименование плинтодержателя | M45: № | N45: ХВ-2.1.1
E46: Номер плинта | M46: № | N46: 15
D49: 1 | H49: 2 | L49: 3 | P49: 4
B50: к БП | D50: к SV 004* | F50: к БП | H50: к SV 004* | J50: к БП | L50: к SV 004* | N50: к БП | P50: к SV 004*
B52: 0 | D52: 1 | F52: 2 | H52: 3 | J52: 4 | L52: 5 | N52: 6 | P52: 7 | R52: 8 | T52: 9
B53: A | C53: B | D53: C | E53: D | F53: A | G53: B | H53: C | I53: D | J53: A | K53: B | L53: C | M53: D | N53: A | O53: B | P53: C | Q53: D | R53: A | S53: B | T53: C | U53: D
B55: ИК (1) | D55: 28 | F55: ИК (6) | H55: 64 | J55: ИК (1) | L55: 94 | N55: СМК (1), ИК (1) | P55: 170
B57: пом. | D57: 16 | F57: пом. | H57: 17 | J57: пом. | L57: 18 | N57: пом. | P57: ДГУ
E59: A - | F59: питание "+" | I59: красный | O59: C - | P59: сигнальный | S59: синий
E60: B - | F60: питание "-" | I60: черный | O60: D - | P60: сигнальный | S60: коричневый
A61: *******************************************************************************************
E62: Стойка | M62: XK | N62: 2.1
E63: Контроллер SV 777 | M63: № | N63: ХК 2.1.1
E64: Плата SV 004 | M64: № | N64: 2
E65: Наименование плинтодержателя | M65: № | N65: ХВ-2.1.2
E66: Номер плинта | M66: № | N66: 16
D69: 1 | H69: 2 | L69: 3 | P69: 4
B70: к БП | D70: к SV 004* | F70: к БП | H70: к SV 004* | J70: к БП | L70: к SV 004* | N70: к БП | P70: к SV 004*
B72: 0 | D72: 1 | F72: 2 | H72: 3 | J72: 4 | L72: 5 | N72: 6 | P72: 7 | R72: 8 | T72: 9
B73: A | C73: B | D73: C | E73: D | F73: A | G73: B | H73: C | I73: D | J73: A | K73: B | L73: C | M73: D | N73: A | O73: B | P73: C | Q73: D | R73: A | S73: B | T73: C | U73: D
B75: ИК (1) | D75: 115 | F75: ИК (4) | H75: 136 | J75: ИК (1) | L75: 169 | N75: ДРС (1) | P75: 19
B77: пом. | D77: 19 | F77: пом. | H77: 20 | J77: пом. | L77: 24 | N77: пом. | P77: 14
E79: A - | F79: питание "+" | I79: красный | O79: C - | P79: сигнальный | S79: синий
E80: B - | F80: питание "-" | I80: черный | O80: D - | P80: сигнальный | S80: коричневый
A81: *******************************************************************************************
E82: Стойка | M82: XK | N82: 2.1
E83: Контроллер SV 777 | M83: № | N83: ХК 2.1.1
E84: Плата SV 004 | M84: № | N84: 3
E85: Наименование плинтодержателя | M85: № | N85: ХВ-2.1.2
E86: Номер плинта | M86: № | N86: 17
D89: 1 | H89: 2 | L89: 3 | P89: 4
B90: к БП | D90: к SV 004* | F90: к БП | H90: к SV 004* | J90: к БП | L90: к SV 004* | N90: к БП | P90: к SV 004*
B92: 0 | D92: 1 | F92: 2 | H92: 3 | J92: 4 | L92: 5 | N92: 6 | P92: 7 | R92: 8 | T92: 9
B93: A | C93: B | D93: C | E93: D | F93: A | G93: B | H93: C | I93: D | J93: A | K93: B | L93: C | M93: D | N93: A | O93: B | P93: C | Q93: D | R93: A | S93: B | T93: C | U93: D
B95: ДРС (1) | D95: 25 | F95: ДРС (1) | H95: 31 | J95: ДРС (2) | L95: 64 | N95: ДРС (1) | P95: 97
B97: пом. | D97: 15 | F97: пом. | H97: 16 | J97: пом. | L97: 17 | N97: пом. | P97: 18
E99: A - | F99: питание "+" | I99: красный | O99: C - | P99: сигнальный | S99: синий
E100: B - | F100: питание "-" | I100: черный | O100: D - | P100: сигнальный | S100: коричневый
A101: *******************************************************************************************
E102: Стойка | M102: XK | N102: 2.1
E103: Контроллер SV 777 | M103: № | N103: ХК 2.1.1
E104: Плата SV 004 | M104: № | N104: 3
E105: Наименование плинтодержателя | M105: № | N105: ХВ-2.1.2
E106: Номер плинта | M106: № | N106: 18
D109: 1 | H109: 2 | L109: 3 | P109: 4
B110: к БП | D110: к SV 004* | F110: к БП | H110: к SV 004* | J110: к БП | L110: к SV 004* | N110: к БП | P110: к SV 004*
B112: 0 | D112: 1 | F112: 2 | H112: 3 | J112: 4 | L112: 5 | N112: 6 | P112: 7 | R112: 8 | T112: 9
B113: A | C113: B | D113: C | E113: D | F113: A | G113: B | H113: C | I113: D | J113: A | K113: B | L113: C | M113: D | N113: A | O113: B | P113: C | Q113: D | R113: A | S113: B | T113: C | U113: D
B115: ДРС (1) | D115: 118 | N115: ОПС
B117: пом. | D117: 19 | F117: Резерв | J117: Резерв
E119: A - | F119: питание "+" | I119: красный | O119: C - | P119: сигнальный | S119: синий
E120: B - | F120: питание "-" | I120: черный | O120: D - | P120: сигнальный | S120: коричневый
A121: *******************************************************************************************

Sheet SV777-2 (SV004)
E2: Стойка | M2: XK | N2: 1.1 | AB2: Стойка | AJ2: XK | AK2: 1.1
E3: Контроллер SV 777 | M3: № | N3: =N2&".2" -> 1.1.2 | AB3: Контроллер SV 777 | AJ3: № | AK3: =AK2&".2" -> 1.1.2
E4: Плата SV 004 | M4: № | N4: 1 | AB4: RS 485 | AJ4: № | AK4: 1
E5: Наименование плинтодержателя | M5: XB1 | N5: ="-"&N2&".3" -> -1.1.3 | AB5: Наименование плинтодержателя | AJ5: XB1 | AK5: ="-"&AK2&".4" -> -1.1.4
E6: Номер плинта | M6: № | N6: 1 | AB6: Номер плинта | AJ6: № | AK6: 18
D9: 1 | H9: 2 | L9: 3 | P9: 4 | X9: 1 | AB9: 2 | AF9: 3 | AJ9: 4
B10: к БП | D10: к SV 004* | F10: к БП | H10: к SV 004* | J10: к БП | L10: к SV 004* | N10: к БП | P10: к SV 004* | X10: SV20P | Z10: GND | AB10: SVDPO | AD10: GND | AF10: 485 | AH10: GND | AJ10: 485 | AL10: GND
X11: COM-1 | AB11: COM-2 | AF11: COM-3
B12: 0 | D12: 1 | F12: 2 | H12: 3 | J12: 4 | L12: 5 | N12: 6 | P12: 7 | R12: 8 | T12: 9 | X12: 0 | Z12: 1 | AB12: 2 | AD12: 3 | AF12: 4 | AH12: 5 | AJ12: 6 | AL12: 7 | AN12: 8 | AP12: 9
B13: A | C13: B | D13: C | E13: D | F13: A | G13: B | H13: C | I13: D | J13: A | K13: B | L13: C | M13: D | N13: A | O13: B | P13: C | Q13: D | R13: A | S13: B | T13: C | U13: D | X13: 1 | Y13: 2 | Z13: 5 | AB13: 1 | AC13: 2 | AD13: 5 | AF13: 1 | AG13: 2 | AH13: 5 | AJ13: 1 | AK13: 2 | AL13: 5
X15: RS-485 1.1 | AB15: RS-485 1.1
X16: земля.5 | AB16: земля.5
F17: =IF(H16<1,"","пом.") | J17: =IF(L16<1,"","пом.") | N17: =IF(P16<1,"","пом.")
E19: A - | F19: питание "+" | I19: красный | O19: C - | P19: сигнальный | S19: синий | X19: RS-485
E20: B - | F20: питание "-" | I20: черный | O20: D - | P20: сигнальный | S20: желтый | X20: COM-1 | AB20: COM-2 | AF20: COM-3 | AJ20: COM-4
X21: Device | Z21: adress | AB21: Device | AD21: adress | AF21: Device | AH21: adress | AJ21: Device | AL21: adress
E22: Стойка | M22: XK | N22: =N2 -> 1.1 | X22: SV20P | Z22: 1 | AB22: SVDPO | AD22: 1
E23: Контроллер SV 777 | M23: № | N23: =N3 -> 1.1.2 | AB23: SVDPO | AD23: 2
E24: Плата SV 004 | M24: № | N24: =N4 -> 1
E25: Наименование плинтодержателя | M25: XB1 | N25: =IF(N5="-"&N2&".3",IF(N6=15,"-"&N2&".4","-"&N2&".3"),N5) -> -1.1.3
E26: Номер плинта | M26: № | N26: =IF(N25="-"&N2&".3",N6+1,1) -> 2
D29: 1 | H29: 2 | L29: 3 | P29: 4
B30: к БП | D30: к SV 004* | F30: к БП | H30: к SV 004* | J30: к БП | L30: к SV 004* | N30: к БП | P30: к SV 004*
B32: 0 | D32: 1 | F32: 2 | H32: 3 | J32: 4 | L32: 5 | N32: 6 | P32: 7 | R32: 8 | T32: 9
B33: A | C33: B | D33: C | E33: D | F33: A | G33: B | H33: C | I33: D | J33: A | K33: B | L33: C | M33: D | N33: A | O33: B | P33: C | Q33: D | R33: A | S33: B | T33: C | U33: D
B37: =IF(D36<1,"","пом.") | F37: =IF(H36<1,"","пом.") | J37: =IF(L36<1,"","пом.") | N37: =IF(P36<1,"","пом.")
E39: A - | F39: питание "+" | I39: красный | O39: C - | P39: сигнальный | S39: синий
E40: B - | F40: питание "-" | I40: черный | O40: D - | P40: сигнальный | S40: желтый
E44: Стойка | M44: XK | N44: =N22 -> 1.1
E45: Контроллер SV 777 | M45: № | N45: =N44&".2" -> 1.1.2
E46: Плата SV 004 | M46: № | N46: =N24+1 -> 2
E47: Наименование плинтодержателя | M47: XB1 | N47: =IF(N25="-"&N2&".3",IF(N26=15,"-"&N2&".4","-"&N2&".3"),N25) -> -1.1.3
E48: Номер плинта | M48: № | N48: =IF(N47="-"&N2&".3",N26+1,IF(N25="-"&N2&".3",1,N26+1)) -> 3
D51: 1 | H51: 2 | L51: 3 | P51: 4
B52: к БП | D52: к SV 004* | F52: к БП | H52: к SV 004* | J52: к БП | L52: к SV 004* | N52: к БП | P52: к SV 004*
B54: 0 | D54: 1 | F54: 2 | H54: 3 | J54: 4 | L54: 5 | N54: 6 | P54: 7 | R54: 8 | T54: 9
B55: A | C55: B | D55: C | E55: D | F55: A | G55: B | H55: C | I55: D | J55: A | K55: B | L55: C | M55: D | N55: A | O55: B | P55: C | Q55: D | R55: A | S55: B | T55: C | U55: D
B59: =IF(D58<1,"","пом.") | F59: =IF(H58<1,"","пом.") | J59: =IF(L58<1,"","пом.") | N59: =IF(P58<1,"","пом.")
E61: A - | F61: питание "+" | I61: красный | O61: C - | P61: сигнальный | S61: синий
E62: B - | F62: питание "-" | I62: черный | O62: D - | P62: сигнальный | S62: желтый
E64: Стойка | M64: XK | N64: =N44 -> 1.1
E65: Контроллер SV 777 | M65: № | N65: =N45 -> 1.1.2
E66: Плата SV 004 | M66: № | N66: =N46 -> 2
E67: Наименование плинтодержателя | M67: XB1 | N67: =IF(N47="-"&N44&".3",IF(N48=15,"-"&N44&".4","-"&N44&".3"),N47) -> -1.1.3
E68: Номер плинта | M68: № | N68: =IF(N67="-"&N2&".3",N48+1,IF(N47="-"&N2&".3",1,N48+1)) -> 4
D71: 1 | H71: 2 | L71: 3 | P71: 4
B72: к БП | D72: к SV 004* | F72: к БП | H72: к SV 004* | J72: к БП | L72: к SV 004* | N72: к БП | P72: к SV 004*
B74: 0 | D74: 1 | F74: 2 | H74: 3 | J74: 4 | L74: 5 | N74: 6 | P74: 7 | R74: 8 | T74: 9
B75: A | C75: B | D75: C | E75: D | F75: A | G75: B | H75: C | I75: D | J75: A | K75: B | L75: C | M75: D | N75: A | O75: B | P75: C | Q75: D | R75: A | S75: B | T75: C | U75: D
B79: =IF(D78<1,"","пом.") | F79: =IF(H78<1,"","пом.") | J79: =IF(L78<1,"","пом.") | N79: =IF(P78<1,"","пом.")
E81: A - | F81: питание "+" | I81: красный | O81: C - | P81: сигнальный | S81: синий
E82: B - | F82: питание "-" | I82: черный | O82: D - | P82: сигнальный | S82: желтый
E86: Стойка | M86: XK | N86: =N64 -> 1.1
E87: Контроллер SV 777 | M87: № | N87: =N86&".2" -> 1.1.2
E88: Плата SV 004 | M88: № | N88: =N66+1 -> 3
E89: Наименование плинтодержателя | M89: XB1 | N89: =IF(N67="-"&N44&".3",IF(N68=15,"-"&N44&".4","-"&N44&".3"),N67) -> -1.1.3
E90: Номер плинта | M90: № | N90: =IF(N89="-"&N44&".3",N68+1,IF(N67="-"&N44&".3",1,N68+1)) -> 5
D93: 1 | H93: 2 | L93: 3 | P93: 4
B94: к БП | D94: к SV 004* | F94: к БП | H94: к SV 004* | J94: к БП | L94: к SV 004* | N94: к БП | P94: к SV 004*
B96: 0 | D96: 1 | F96: 2 | H96: 3 | J96: 4 | L96: 5 | N96: 6 | P96: 7 | R96: 8 | T96: 9
B97: A | C97: B | D97: C | E97: D | F97: A | G97: B | H97: C | I97: D | J97: A | K97: B | L97: C | M97: D | N97: A | O97: B | P97: C | Q97: D | R97: A | S97: B | T97: C | U97: D
B101: =IF(D100<1,"","пом.") | F101: =IF(H100<1,"","пом.") | J101: =IF(L100<1,"","пом.") | N101: =IF(P100<1,"","пом.")
E103: A - | F103: питание "+" | I103: красный | O103: C - | P103: сигнальный | S103: синий
E104: B - | F104: питание "-" | I104: черный | O104: D - | P104: сигнальный | S104: желтый
E106: Стойка | M106: XK | N106: =N86 -> 1.1
E107: Контроллер SV 777 | M107: № | N107: =N87 -> 1.1.2
E108: Плата SV 004 | M108: № | N108: =N88 -> 3
E109: Наименование плинтодержателя | M109: XB1 | N109: =IF(N89="-"&N86&".3",IF(N90=15,"-"&N86&".4","-"&N86&".3"),N89) -> -1.1.3
E110: Номер плинта | M110: № | N110: =IF(N109="-"&N44&".3",N90+1,IF(N89="-"&N44&".3",1,N90+1)) -> 6
D113: 1 | H113: 2 | L113: 3 | P113: 4
B114: к БП | D114: к SV 004* | F114: к БП | H114: к SV 004* | J114: к БП | L114: к SV 004* | N114: к БП | P114: к SV 004*
B116: 0 | D116: 1 | F116: 2 | H116: 3 | J116: 4 | L116: 5 | N116: 6 | P116: 7 | R116: 8 | T116: 9
B117: A | C117: B | D117: C | E117: D | F117: A | G117: B | H117: C | I117: D | J117: A | K117: B | L117: C | M117: D | N117: A | O117: B | P117: C | Q117: D | R117: A | S117: B | T117: C | U117: D
B121: =IF(D120<1,"","пом.") | F121: =IF(H120<1,"","пом.") | J121: =IF(L120<1,"","пом.") | N121: =IF(P120<1,"","пом.")
E123: A - | F123: питание "+" | I123: красный | O123: C - | P123: сигнальный | S123: синий
E124: B - | F124: питание "-" | I124: черный | O124: D - | P124: сигнальный | S124: желтый
E128: Стойка | M128: XK | N128: =N106 -> 1.1
E129: Контроллер SV 777 | M129: № | N129: =N128&".2" -> 1.1.2
E130: Плата SV 004 | M130: № | N130: =N108+1 -> 4
E131: Наименование плинтодержателя | M131: XB1 | N131: =IF(N109="-"&N86&".3",IF(N110=15,"-"&N86&".4","-"&N86&".3"),N109) -> -1.1.3
E132: Номер плинта | M132: № | N132: =IF(N131="-"&N86&".3",N110+1,IF(N109="-"&N86&".3",1,N110+1)) -> 7
D135: 1 | H135: 2 | L135: 3 | P135: 4
B136: к БП | D136: к SV 004* | F136: к БП | H136: к SV 004* | J136: к БП | L136: к SV 004* | N136: к БП | P136: к SV 004*
B138: 0 | D138: 1 | F138: 2 | H138: 3 | J138: 4 | L138: 5 | N138: 6 | P138: 7 | R138: 8 | T138: 9
B139: A | C139: B | D139: C | E139: D | F139: A | G139: B | H139: C | I139: D | J139: A | K139: B | L139: C | M139: D | N139: A | O139: B | P139: C | Q139: D | R139: A | S139: B | T139: C | U139: D
B143: =IF(D142<1,"","пом.") | F143: =IF(H142<1,"","пом.") | J143: =IF(L142<1,"","пом.") | N143: =IF(P142<1,"","пом.")
E145: A - | F145: питание "+" | I145: красный | O145: C - | P145: сигнальный | S145: синий
E146: B - | F146: питание "-" | I146: черный | O146: D - | P146: сигнальный | S146: желтый
E148: Стойка | M148: XK | N148: =N128 -> 1.1
E149: Контроллер SV 777 | M149: № | N149: =N129 -> 1.1.2
E150: Плата SV 004 | M150: № | N150: =N130 -> 4
E151: Наименование плинтодержателя | M151: XB1 | N151: =IF(N131="-"&N128&".3",IF(N132=15,"-"&N128&".4","-"&N128&".3"),N131) -> -1.1.3
E152: Номер плинта | M152: № | N152: =IF(N151="-"&N86&".3",N132+1,IF(N131="-"&N86&".3",1,N132+1)) -> 8
D155: 1 | H155: 2 | L155: 3 | P155: 4
B156: к БП | D156: к SV 004* | F156: к БП | H156: к SV 004* | J156: к БП | L156: к SV 004* | N156: к БП | P156: к SV 004*
B158: 0 | D158: 1 | F158: 2 | H158: 3 | J158: 4 | L158: 5 | N158: 6 | P158: 7 | R158: 8 | T158: 9
B159: A | C159: B | D159: C | E159: D | F159: A | G159: B | H159: C | I159: D | J159: A | K159: B | L159: C | M159: D | N159: A | O159: B | P159: C | Q159: D | R159: A | S159: B | T159: C | U159: D
B163: =IF(D162<1,"","пом.") | F163: =IF(H162<1,"","пом.") | J163: =IF(L162<1,"","пом.") | N163: =IF(P162<1,"","пом.")
E165: A - | F165: питание "+" | I165: красный | O165: C - | P165: сигнальный | S165: синий
E166: B - | F166: питание "-" | I166: черный | O166: D - | P166: сигнальный | S166: желтый
...

Sheet SV777-3 (SV004)
E2: Стойка | M2: XK | N2: 1.1 | AB2: Стойка | AJ2: XK | AK2: 1.1
E3: Контроллер SV 777 | M3: № | N3: =N2&".3" -> 1.1.3 | AB3: Контроллер SV 777 | AJ3: № | AK3: =AK2&".3" -> 1.1.3
E4: Плата SV 004 | M4: № | N4: 1 | AB4: SV 485 | AJ4: № | AK4: 1
E5: Наименование плинтодержателя | M5: XB1 | N5: ="-"&N2&".5" -> -1.1.5 | AB5: Наименование плинтодержателя | AJ5: XB1 | AK5: ="-"&AK2&".6" -> -1.1.6
E6: Номер плинта | M6: № | N6: 1 | AB6: Номер плинта | AJ6: № | AK6: 18
D9: 1 | H9: 2 | L9: 3 | P9: 4 | X9: 1 | AB9: 2 | AF9: 3 | AJ9: 4
B10: к БП | D10: к SV 004* | F10: к БП | H10: к SV 004* | J10: к БП | L10: к SV 004* | N10: к БП | P10: к SV 004* | X10: SV20P | Z10: GND | AB10: SVDPO | AD10: GND | AF10: 485 | AH10: GND | AJ10: 485 | AL10: GND
X11: COM-1 | AB11: COM-2 | AF11: COM-3
B12: 0 | D12: 1 | F12: 2 | H12: 3 | J12: 4 | L12: 5 | N12: 6 | P12: 7 | R12: 8 | T12: 9 | X12: 0 | Z12: 1 | AB12: 2 | AD12: 3 | AF12: 4 | AH12: 5 | AJ12: 6 | AL12: 7 | AN12: 8 | AP12: 9
B13: A | C13: B | D13: C | E13: D | F13: A | G13: B | H13: C | I13: D | J13: A | K13: B | L13: C | M13: D | N13: A | O13: B | P13: C | Q13: D | R13: A | S13: B | T13: C | U13: D | X13: 1 | Y13: 2 | Z13: 5 | AB13: 1 | AC13: 2 | AD13: 5 | AF13: 1 | AG13: 2 | AH13: 5 | AJ13: 1 | AK13: 2 | AL13: 5
X15: RS-485 1.1 | AB15: RS-485 1.1
X16: земля.5 | AB16: земля.5
B17: =IF(D16<1,"","пом.") | F17: =IF(H16<1,"","пом.") | J17: =IF(L16<1,"","пом.") | N17: =IF(P16<1,"","пом.")
E19: A - | F19: питание "+" | I19: красный | O19: C - | P19: сигнальный | S19: синий | X19: RS-485
E20: B - | F20: питание "-" | I20: черный | O20: D - | P20: сигнальный | S20: коричневый | X20: COM-1 | AB20: COM-2 | AF20: COM-3 | AJ20: COM-4
X21: Device | Z21: adress | AB21: Device | AD21: adress | AF21: Device | AH21: adress | AJ21: Device | AL21: adress
E22: Стойка | M22: XK | N22: =N2 -> 1.1 | X22: SV20P | Z22: 1 | AB22: SVDPO | AD22: 1
E23: Контроллер SV 777 | M23: № | N23: =N3 -> 1.1.3 | AB23: SVDPO | AD23: 2
E24: Плата SV 004 | M24: № | N24: =N4 -> 1
E25: Наименование плинтодержателя | M25: XB1 | N25: =IF(N5="-"&N2&".5",IF(N6=15,"-"&N2&".6","-"&N2&".5"),N5) -> -1.1.5
E26: Номер плинта | M26: № | N26: =IF(N25="-"&N2&".5",N6+1,1) -> 2
D29: 1 | H29: 2 | L29: 3 | P29: 4
B30: к БП | D30: к SV 004* | F30: к БП | H30: к SV 004* | J30: к БП | L30: к SV 004* | N30: к БП | P30: к SV 004*
B32: 0 | D32: 1 | F32: 2 | H32: 3 | J32: 4 | L32: 5 | N32: 6 | P32: 7 | R32: 8 | T32: 9
B33: A | C33: B | D33: C | E33: D | F33: A | G33: B | H33: C | I33: D | J33: A | K33: B | L33: C | M33: D | N33: A | O33: B | P33: C | Q33: D | R33: A | S33: B | T33: C | U33: D
B37: =IF(D36<1,"","пом.") | F37: =IF(H36<1,"","пом.") | J37: =IF(L36<1,"","пом.") | N37: =IF(P36<1,"","пом.")
E39: A - | F39: питание "+" | I39: красный | O39: C - | P39: сигнальный | S39: синий
E40: B - | F40: питание "-" | I40: черный | O40: D - | P40: сигнальный | S40: коричневый
E44: Стойка | M44: XK | N44: =N22 -> 1.1
E45: Контроллер SV 777 | M45: № | N45: =N44&".3" -> 1.1.3
E46: Плата SV 004 | M46: № | N46: =N24+1 -> 2
E47: Наименование плинтодержателя | M47: XB1 | N47: =IF(N25="-"&N2&".5",IF(N26=15,"-"&N2&".6","-"&N2&".5"),N25) -> -1.1.5
E48: Номер плинта | M48: № | N48: =IF(N47="-"&N2&".5",N26+1,IF(N25="-"&N2&".5",1,N26+1)) -> 3
D51: 1 | H51: 2 | L51: 3 | P51: 4
B52: к БП | D52: к SV 004* | F52: к БП | H52: к SV 004* | J52: к БП | L52: к SV 004* | N52: к БП | P52: к SV 004*
B54: 0 | D54: 1 | F54: 2 | H54: 3 | J54: 4 | L54: 5 | N54: 6 | P54: 7 | R54: 8 | T54: 9
B55: A | C55: B | D55: C | E55: D | F55: A | G55: B | H55: C | I55: D | J55: A | K55: B | L55: C | M55: D | N55: A | O55: B | P55: C | Q55: D | R55: A | S55: B | T55: C | U55: D
B59: =IF(D58<1,"","пом.") | F59: =IF(H58<1,"","пом.") | J59: =IF(L58<1,"","пом.") | N59: =IF(P58<1,"","пом.")
E61: A - | F61: питание "+" | I61: красный | O61: C - | P61: сигнальный | S61: синий
E62: B - | F62: питание "-" | I62: черный | O62: D - | P62: сигнальный | S62: коричневый
E64: Стойка | M64: XK | N64: =N44 -> 1.1
E65: Контроллер SV 777 | M65: № | N65: =N45 -> 1.1.3
E66: Плата SV 004 | M66: № | N66: =N46 -> 2
E67: Наименование плинтодержателя | M67: XB1 | N67: =IF(N47="-"&N44&".5",IF(N48=15,"-"&N44&".6","-"&N44&".5"),N47) -> -1.1.5
E68: Номер плинта | M68: № | N68: =IF(N67="-"&N2&".5",N48+1,IF(N47="-"&N2&".5",1,N48+1)) -> 4
D71: 1 | H71: 2 | L71: 3 | P71: 4
B72: к БП | D72: к SV 004* | F72: к БП | H72: к SV 004* | J72: к БП | L72: к SV 004* | N72: к БП | P72: к SV 004*
B74: 0 | D74: 1 | F74: 2 | H74: 3 | J74: 4 | L74: 5 | N74: 6 | P74: 7 | R74: 8 | T74: 9
B75: A | C75: B | D75: C | E75: D | F75: A | G75: B | H75: C | I75: D | J75: A | K75: B | L75: C | M75: D | N75: A | O75: B | P75: C | Q75: D | R75: A | S75: B | T75: C | U75: D
B79: =IF(D78<1,"","пом.") | F79: =IF(H78<1,"","пом.") | J79: =IF(L78<1,"","пом.") | N79: =IF(P78<1,"","пом.")
E81: A - | F81: питание "+" | I81: красный | O81: C - | P81: сигнальный | S81: синий
E82: B - | F82: питание "-" | I82: черный | O82: D - | P82: сигнальный | S82: коричневый
E86: Стойка | M86: XK | N86: =N64 -> 1.1
E87: Контроллер SV 777 | M87: № | N87: =N86&".3" -> 1.1.3
E88: Плата SV 004 | M88: № | N88: =N66+1 -> 3
E89: Наименование плинтодержателя | M89: XB1 | N89: =IF(N67="-"&N44&".5",IF(N68=15,"-"&N44&".6","-"&N44&".5"),N67) -> -1.1.5
E90: Номер плинта | M90: № | N90: =IF(N89="-"&N44&".5",N68+1,IF(N67="-"&N44&".5",1,N68+1)) -> 5
D93: 1 | H93: 2 | L93: 3 | P93: 4
B94: к БП | D94: к SV 004* | F94: к БП | H94: к SV 004* | J94: к БП | L94: к SV 004* | N94: к БП | P94: к SV 004*
B96: 0 | D96: 1 | F96: 2 | H96: 3 | J96: 4 | L96: 5 | N96: 6 | P96: 7 | R96: 8 | T96: 9
B97: A | C97: B | D97: C | E97: D | F97: A | G97: B | H97: C | I97: D | J97: A | K97: B | L97: C | M97: D | N97: A | O97: B | P97: C | Q97: D | R97: A | S97: B | T97: C | U97: D
B101: =IF(D100<1,"","пом.") | F101: =IF(H100<1,"","пом.") | J101: =IF(L100<1,"","пом.") | N101: =IF(P100<1,"","пом.")
E103: A - | F103: питание "+" | I103: красный | O103: C - | P103: сигнальный | S103: синий
E104: B - | F104: питание "-" | I104: черный | O104: D - | P104: сигнальный | S104: коричневый
E106: Стойка | M106: XK | N106: =N86 -> 1.1
E107: Контроллер SV 777 | M107: № | N107: =N87 -> 1.1.3
E108: Плата SV 004 | M108: № | N108: =N88 -> 3
E109: Наименование плинтодержателя | M109: XB1 | N109: =IF(N89="-"&N86&".5",IF(N90=15,"-"&N86&".6","-"&N86&".5"),N89) -> -1.1.5
E110: Номер плинта | M110: № | N110: =IF(N109="-"&N44&".5",N90+1,IF(N89="-"&N44&".5",1,N90+1)) -> 6
D113: 1 | H113: 2 | L113: 3 | P113: 4
B114: к БП | D114: к SV 004* | F114: к БП | H114: к SV 004* | J114: к БП | L114: к SV 004* | N114: к БП | P114: к SV 004*
B116: 0 | D116: 1 | F116: 2 | H116: 3 | J116: 4 | L116: 5 | N116: 6 | P116: 7 | R116: 8 | T116: 9
B117: A | C117: B | D117: C | E117: D | F117: A | G117: B | H117: C | I117: D | J117: A | K117: B | L117: C | M117: D | N117: A | O117: B | P117: C | Q117: D | R117: A | S117: B | T117: C | U117: D
B121: =IF(D120<1,"","пом.") | F121: =IF(H120<1,"","пом.") | J121: =IF(L120<1,"","пом.") | N121: =IF(P120<1,"","пом.")
E123: A - | F123: питание "+" | I123: красный | O123: C - | P123: сигнальный | S123: синий
E124: B - | F124: питание "-" | I124: черный | O124: D - | P124: сигнальный | S124: коричневый
E128: Стойка | M128: XK | N128: =N106 -> 1.1
E129: Контроллер SV 777 | M129: № | N129: =N128&".3" -> 1.1.3
E130: Плата SV 004 | M130: № | N130: =N108+1 -> 4
E131: Наименование плинтодержателя | M131: XB1 | N131: =IF(N109="-"&N86&".5",IF(N110=15,"-"&N86&".6","-"&N86&".5"),N109) -> -1.1.5
E132: Номер плинта | M132: № | N132: =IF(N131="-"&N86&".5",N110+1,IF(N109="-"&N86&".5",1,N110+1)) -> 7
D135: 1 | H135: 2 | L135: 3 | P135: 4
B136: к БП | D136: к SV 004* | F136: к БП | H136: к SV 004* | J136: к БП | L136: к SV 004* | N136: к БП | P136: к SV 004*
B138: 0 | D138: 1 | F138: 2 | H138: 3 | J138: 4 | L138: 5 | N138: 6 | P138: 7 | R138: 8 | T138: 9
B139: A | C139: B | D139: C | E139: D | F139: A | G139: B | H139: C | I139: D | J139: A | K139: B | L139: C | M139: D | N139: A | O139: B | P139: C | Q139: D | R139: A | S139: B | T139: C | U139: D
B143: =IF(D142<1,"","пом.") | F143: =IF(H142<1,"","пом.") | J143: =IF(L142<1,"","пом.") | N143: =IF(P142<1,"","пом.")
E145: A - | F145: питание "+" | I145: красный | O145: C - | P145: сигнальный | S145: синий
E146: B - | F146: питание "-" | I146: черный | O146: D - | P146: сигнальный | S146: коричневый
E148: Стойка | M148: XK | N148: =N128 -> 1.1
E149: Контроллер SV 777 | M149: № | N149: =N129 -> 1.1.3
E150: Плата SV 004 | M150: № | N150: =N130 -> 4
E151: Наименование плинтодержателя | M151: XB1 | N151: =IF(N131="-"&N128&".5",IF(N132=15,"-"&N128&".6","-"&N128&".5"),N131) -> -1.1.5
E152: Номер плинта | M152: № | N152: =IF(N151="-"&N86&".5",N132+1,IF(N131="-"&N86&".5",1,N132+1)) -> 8
D155: 1 | H155: 2 | L155: 3 | P155: 4
B156: к БП | D156: к SV 004* | F156: к БП | H156: к SV 004* | J156: к БП | L156: к SV 004* | N156: к БП | P156: к SV 004*
B158: 0 | D158: 1 | F158: 2 | H158: 3 | J158: 4 | L158: 5 | N158: 6 | P158: 7 | R158: 8 | T158: 9
B159: A | C159: B | D159: C | E159: D | F159: A | G159: B | H159: C | I159: D | J159: A | K159: B | L159: C | M159: D | N159: A | O159: B | P159: C | Q159: D | R159: A | S159: B | T159: C | U159: D
B163: =IF(D162<1,"","пом.") | F163: =IF(H162<1,"","пом.") | J163: =IF(L162<1,"","пом.") | N163: =IF(P162<1,"","пом.")
E165: A - | F165: питание "+" | I165: красный | O165: C - | P165: сигнальный | S165: синий
E166: B - | F166: питание "-" | I166: черный | O166: D - | P166: сигнальный | S166: коричневый
...

Sheet шпоргалка-1
C2: SV777 - 1
B3: SV004 -1
A4: 1 | B4: =IF('SV777-1 (SV004)'!B16<1,"резерв",'SV777-1 (SV004)'!B16) -> резерв | C4: ='SV777-1 (SV004)'!B17 -> 0 | D4: =IF(B4="резерв","",'SV777-1 (SV004)'!D17) | E4: =IF('SV777-1 (SV004)'!D16<1,"","ШЛ."&'SV777-1 (SV004)'!D16)
A5: 2 | B5: =IF('SV777-1 (SV004)'!F16<1,"резерв",'SV777-1 (SV004)'!F16) -> резерв | C5: ='SV777-1 (SV004)'!F17 -> 0 | D5: =IF(B5="резерв","",'SV777-1 (SV004)'!H17) | E5: =IF('SV777-1 (SV004)'!H16<1,"","ШЛ."&'SV777-1 (SV004)'!H16)
A6: 3 | B6: =IF('SV777-1 (SV004)'!J16<1,"резерв",'SV777-1 (SV004)'!J16) -> резерв | C6: ='SV777-1 (SV004)'!J17 -> 0 | D6: =IF(B6="резерв","",'SV777-1 (SV004)'!L17) | E6: =IF('SV777-1 (SV004)'!L16<1,"","ШЛ."&'SV777-1 (SV004)'!L16)
A7: 4 | B7: =IF('SV777-1 (SV004)'!N16<1,"резерв",'SV777-1 (SV004)'!N16) -> резерв | C7: ='SV777-1 (SV004)'!N17 -> 0 | D7: =IF(B7="резерв","",'SV777-1 (SV004)'!P17) | E7: =IF('SV777-1 (SV004)'!P16<1,"","ШЛ."&'SV777-1 (SV004)'!P16)
A8: 5 | B8: =IF('SV777-1 (SV004)'!#REF!<1,"резерв",'SV777-1 (SV004)'!#REF!) -> #REF! | C8: ='SV777-1 (SV004)'!#REF! -> #REF! | D8: =IF(B8="резерв","",'SV777-1 (SV004)'!#REF!) -> #REF! | E8: =IF('SV777-1 (SV004)'!#REF!<1,"","ШЛ."&'SV777-1 (SV004)'!#REF!) -> #REF!
A9: 6 | B9: =IF('SV777-1 (SV004)'!#REF!<1,"резерв",'SV777-1 (SV004)'!#REF!) -> #REF! | C9: ='SV777-1 (SV004)'!#REF! -> #REF! | D9: =IF(B9="резерв","",'SV777-1 (SV004)'!#REF!) -> #REF! | E9: =IF('SV777-1 (SV004)'!#REF!<1,"","ШЛ."&'SV777-1 (SV004)'!#REF!) -> #REF!
A10: 7 | B10: =IF('SV777-1 (SV004)'!#REF!<1,"резерв",'SV777-1 (SV004)'!#REF!) -> #REF! | C10: ='SV777-1 (SV004)'!#REF! -> #REF! | D10: =IF(B10="резерв","",'SV777-1 (SV004)'!#REF!) -> #REF! | E10: =IF('SV777-1 (SV004)'!#REF!<1,"","ШЛ."&'SV777-1 (SV004)'!#REF!) -> #REF!
A11: 8 | B11: =IF('SV777-1 (SV004)'!#REF!<1,"резерв",'SV777-1 (SV004)'!#REF!) -> #REF! | C11: ='SV777-1 (SV004)'!#REF! -> #REF! | D11: =IF(B11="резерв","",'SV777-1 (SV004)'!#REF!) -> #REF! | E11: =IF('SV777-1 (SV004)'!#REF!<1,"","ШЛ."&'SV777-1 (SV004)'!#REF!) -> #REF!
B12: SV004 - 2
A13: 1 | B13: =IF('SV777-1 (SV004)'!#REF!<1,"резерв",'SV777-1 (SV004)'!#REF!) -> #REF! | C13: ='SV777-1 (SV004)'!#REF! -> #REF! | D13: =IF(B13="резерв","",'SV777-1 (SV004)'!#REF!) -> #REF! | E13: =IF('SV777-1 (SV004)'!#REF!<1,"","ШЛ."&'SV777-1 (SV004)'!#REF!) -> #REF!
A14: 2 | B14: =IF('SV777-1 (SV004)'!#REF!<1,"резерв",'SV777-1 (SV004)'!#REF!) -> #REF! | C14: ='SV777-1 (SV004)'!#REF! -> #REF! | D14: =IF(B14="резерв","",'SV777-1 (SV004)'!#REF!) -> #REF! | E14: =IF('SV777-1 (SV004)'!#REF!<1,"","ШЛ."&'SV777-1 (SV004)'!#REF!) -> #REF!
A15: 3 | B15: =IF('SV777-1 (SV004)'!#REF!<1,"резерв",'SV777-1 (SV004)'!#REF!) -> #REF! | C15: ='SV777-1 (SV004)'!#REF! -> #REF! | D15: =IF(B15="резерв","",'SV777-1 (SV004)'!#REF!) -> #REF! | E15: =IF('SV777-1 (SV004)'!#REF!<1,"","ШЛ."&'SV777-1 (SV004)'!#REF!) -> #REF!
A16: 4 | B16: =IF('SV777-1 (SV004)'!#REF!<1,"резерв",'SV777-1 (SV004)'!#REF!) -> #REF! | C16: ='SV777-1 (SV004)'!#REF! -> #REF! | D16: =IF(B16="резерв","",'SV777-1 (SV004)'!#REF!) -> #REF! | E16: =IF('SV777-1 (SV004)'!#REF!<1,"","ШЛ."&'SV777-1 (SV004)'!#REF!) -> #REF!
A17: 5 | B17: =IF('SV777-1 (SV004)'!#REF!<1,"резерв",'SV777-1 (SV004)'!#REF!) -> #REF! | C17: ='SV777-1 (SV004)'!#REF! -> #REF! | D17: =IF(B17="резерв","",'SV777-1 (SV004)'!#REF!) -> #REF! | E17: =IF('SV777-1 (SV004)'!#REF!<1,"","ШЛ."&'SV777-1 (SV004)'!#REF!) -> #REF!
A18: 6 | B18: =IF('SV777-1 (SV004)'!#REF!<1,"резерв",'SV777-1 (SV004)'!#REF!) -> #REF! | C18: ='SV777-1 (SV004)'!#REF! -> #REF! | D18: =IF(B18="резерв","",'SV777-1 (SV004)'!#REF!) -> #REF! | E18: =IF('SV777-1 (SV004)'!#REF!<1,"","ШЛ."&'SV777-1 (SV004)'!#REF!) -> #REF!
A19: 7 | B19: =IF('SV777-1 (SV004)'!#REF!<1,"резерв",'SV777-1 (SV004)'!#REF!) -> #REF! | C19: ='SV777-1 (SV004)'!#REF! -> #REF! | D19: =IF(B19="резерв","",'SV777-1 (SV004)'!#REF!) -> #REF! | E19: =IF('SV777-1 (SV004)'!#REF!<1,"","ШЛ."&'SV777-1 (SV004)'!#REF!) -> #REF!
A20: 8 | B20: =IF('SV777-1 (SV004)'!#REF!<1,"резерв",'SV777-1 (SV004)'!#REF!) -> #REF! | C20: ='SV777-1 (SV004)'!#REF! -> #REF! | D20: =IF(B20="резерв","",'SV777-1 (SV004)'!#REF!) -> #REF! | E20: =IF('SV777-1 (SV004)'!#REF!<1,"","ШЛ."&'SV777-1 (SV004)'!#REF!) -> #REF!
B21: SV004 - 3
A22: 1 | B22: =IF('SV777-1 (SV004)'!#REF!<1,"резерв",'SV777-1 (SV004)'!#REF!) -> #REF! | C22: ='SV777-1 (SV004)'!#REF! -> #REF! | D22: =IF(B22="резерв","",'SV777-1 (SV004)'!#REF!) -> #REF! | E22: =IF('SV777-1 (SV004)'!#REF!<1,"","ШЛ."&'SV777-1 (SV004)'!#REF!) -> #REF!
A23: 2 | B23: =IF('SV777-1 (SV004)'!#REF!<1,"резерв",'SV777-1 (SV004)'!#REF!) -> #REF! | C23: ='SV777-1 (SV004)'!#REF! -> #REF! | D23: =IF(B23="резерв","",'SV777-1 (SV004)'!#REF!) -> #REF! | E23: =IF('SV777-1 (SV004)'!#REF!<1,"","ШЛ."&'SV777-1 (SV004)'!#REF!) -> #REF!
A24: 3 | B24: =IF('SV777-1 (SV004)'!#REF!<1,"резерв",'SV777-1 (SV004)'!#REF!) -> #REF! | C24: ='SV777-1 (SV004)'!#REF! -> #REF! | D24: =IF(B24="резерв","",'SV777-1 (SV004)'!#REF!) -> #REF! | E24: =IF('SV777-1 (SV004)'!#REF!<1,"","ШЛ."&'SV777-1 (SV004)'!#REF!) -> #REF!
A25: 4 | B25: =IF('SV777-1 (SV004)'!#REF!<1,"резерв",'SV777-1 (SV004)'!#REF!) -> #REF! | C25: ='SV777-1 (SV004)'!#REF! -> #REF! | D25: =IF(B25="резерв","",'SV777-1 (SV004)'!#REF!) -> #REF! | E25: =IF('SV777-1 (SV004)'!#REF!<1,"","ШЛ."&'SV777-1 (SV004)'!#REF!) -> #REF!
A26: 5 | B26: =IF('SV777-1 (SV004)'!#REF!<1,"резерв",'SV777-1 (SV004)'!#REF!) -> #REF! | C26: ='SV777-1 (SV004)'!#REF! -> #REF! | D26: =IF(B26="резерв","",'SV777-1 (SV004)'!#REF!) -> #REF! | E26: =IF('SV777-1 (SV004)'!#REF!<1,"","ШЛ."&'SV777-1 (SV004)'!#REF!) -> #REF!
A27: 6 | B27: =IF('SV777-1 (SV004)'!#REF!<1,"резерв",'SV777-1 (SV004)'!#REF!) -> #REF! | C27: ='SV777-1 (SV004)'!#REF! -> #REF! | D27: =IF(B27="резерв","",'SV777-1 (SV004)'!#REF!) -> #REF! | E27: =IF('SV777-1 (SV004)'!#REF!<1,"","ШЛ."&'SV777-1 (SV004)'!#REF!) -> #REF!
A28: 7 | B28: =IF('SV777-1 (SV004)'!#REF!<1,"резерв",'SV777-1 (SV004)'!#REF!) -> #REF! | C28: ='SV777-1 (SV004)'!#REF! -> #REF! | D28: =IF(B28="резерв","",'SV777-1 (SV004)'!#REF!) -> #REF! | E28: =IF('SV777-1 (SV004)'!#REF!<1,"","ШЛ."&'SV777-1 (SV004)'!#REF!) -> #REF!
A29: 8 | B29: =IF('SV777-1 (SV004)'!#REF!<1,"резерв",'SV777-1 (SV004)'!#REF!) -> #REF! | C29: ='SV777-1 (SV004)'!#REF! -> #REF! | D29: =IF(B29="резерв","",'SV777-1 (SV004)'!#REF!) -> #REF! | E29: =IF('SV777-1 (SV004)'!#REF!<1,"","ШЛ."&'SV777-1 (SV004)'!#REF!) -> #REF!
B30: SV004 - 4
A31: 1 | B31: =IF('SV777-1 (SV004)'!#REF!<1,"резерв",'SV777-1 (SV004)'!#REF!) -> #REF! | C31: ='SV777-1 (SV004)'!#REF! -> #REF! | D31: =IF(B31="резерв","",'SV777-1 (SV004)'!#REF!) -> #REF! | E31: =IF('SV777-1 (SV004)'!#REF!<1,"","ШЛ."&'SV777-1 (SV004)'!#REF!) -> #REF!
A32: 2 | B32: =IF('SV777-1 (SV004)'!#REF!<1,"резерв",'SV777-1 (SV004)'!#REF!) -> #REF! | C32: ='SV777-1 (SV004)'!#REF! -> #REF! | D32: =IF(B32="резерв","",'SV777-1 (SV004)'!#REF!) -> #REF! | E32: =IF('SV777-1 (SV004)'!#REF!<1,"","ШЛ."&'SV777-1 (SV004)'!#REF!) -> #REF!
A33: 3 | B33: =IF('SV777-1 (SV004)'!#REF!<1,"резерв",'SV777-1 (SV004)'!#REF!) -> #REF! | C33: ='SV777-1 (SV004)'!#REF! -> #REF! | D33: =IF(B33="резерв","",'SV777-1 (SV004)'!#REF!) -> #REF! | E33: =IF('SV777-1 (SV004)'!#REF!<1,"","ШЛ."&'SV777-1 (SV004)'!#REF!) -> #REF!
A34: 4 | B34: =IF('SV777-1 (SV004)'!#REF!<1,"резерв",'SV777-1 (SV004)'!#REF!) -> #REF! | C34: ='SV777-1 (SV004)'!#REF! -> #REF! | D34: =IF(B34="резерв","",'SV777-1 (SV004)'!#REF!) -> #REF! | E34: =IF('SV777-1 (SV004)'!#REF!<1,"","ШЛ."&'SV777-1 (SV004)'!#REF!) -> #REF!
A35: 5 | B35: =IF('SV777-1 (SV004)'!#REF!<1,"резерв",'SV777-1 (SV004)'!#REF!) -> #REF! | C35: ='SV777-1 (SV004)'!#REF! -> #REF! | D35: =IF(B35="резерв","",'SV777-1 (SV004)'!#REF!) -> #REF! | E35: =IF('SV777-1 (SV004)'!#REF!<1,"","ШЛ."&'SV777-1 (SV004)'!#REF!) -> #REF!
A36: 6 | B36: =IF('SV777-1 (SV004)'!#REF!<1,"резерв",'SV777-1 (SV004)'!#REF!) -> #REF! | C36: ='SV777-1 (SV004)'!#REF! -> #REF! | D36: =IF(B36="резерв","",'SV777-1 (SV004)'!#REF!) -> #REF! | E36: =IF('SV777-1 (SV004)'!#REF!<1,"","ШЛ."&'SV777-1 (SV004)'!#REF!) -> #REF!
A37: 7 | B37: =IF('SV777-1 (SV004)'!#REF!<1,"резерв",'SV777-1 (SV004)'!#REF!) -> #REF! | C37: ='SV777-1 (SV004)'!#REF! -> #REF! | D37: =IF(B37="резерв","",'SV777-1 (SV004)'!#REF!) -> #REF! | E37: =IF('SV777-1 (SV004)'!#REF!<1,"","ШЛ."&'SV777-1 (SV004)'!#REF!) -> #REF!
A38: 8 | B38: =IF('SV777-1 (SV004)'!#REF!<1,"резерв",'SV777-1 (SV004)'!#REF!) -> #REF! | C38: ='SV777-1 (SV004)'!#REF! -> #REF! | D38: =IF(B38="резерв","",'SV777-1 (SV004)'!#REF!) -> #REF! | E38: =IF('SV777-1 (SV004)'!#REF!<1,"","ШЛ."&'SV777-1 (SV004)'!#REF!) -> #REF!
B39: SV004 - 5
A40: 1 | B40: =IF('SV777-1 (SV004)'!#REF!<1,"резерв",'SV777-1 (SV004)'!#REF!) -> #REF! | C40: ='SV777-1 (SV004)'!#REF! -> #REF! | D40: =IF(B40="резерв","",'SV777-1 (SV004)'!#REF!) -> #REF! | E40: =IF('SV777-1 (SV004)'!#REF!<1,"","ШЛ."&'SV777-1 (SV004)'!#REF!) -> #REF!
A41: 2 | B41: =IF('SV777-1 (SV004)'!#REF!<1,"резерв",'SV777-1 (SV004)'!#REF!) -> #REF! | C41: ='SV777-1 (SV004)'!#REF! -> #REF! | D41: =IF(B41="резерв","",'SV777-1 (SV004)'!#REF!) -> #REF! | E41: =IF('SV777-1 (SV004)'!#REF!<1,"","ШЛ."&'SV777-1 (SV004)'!#REF!) -> #REF!
A42: 3 | B42: =IF('SV777-1 (SV004)'!#REF!<1,"резерв",'SV777-1 (SV004)'!#REF!) -> #REF! | C42: ='SV777-1 (SV004)'!#REF! -> #REF! | D42: =IF(B42="резерв","",'SV777-1 (SV004)'!#REF!) -> #REF! | E42: =IF('SV777-1 (SV004)'!#REF!<1,"","ШЛ."&'SV777-1 (SV004)'!#REF!) -> #REF!
A43: 4 | B43: =IF('SV777-1 (SV004)'!#REF!<1,"резерв",'SV777-1 (SV004)'!#REF!) -> #REF! | C43: ='SV777-1 (SV004)'!#REF! -> #REF! | D43: =IF(B43="резерв","",'SV777-1 (SV004)'!#REF!) -> #REF! | E43: =IF('SV777-1 (SV004)'!#REF!<1,"","ШЛ."&'SV777-1 (SV004)'!#REF!) -> #REF!
A44: 5 | B44: =IF('SV777-1 (SV004)'!#REF!<1,"резерв",'SV777-1 (SV004)'!#REF!) -> #REF! | C44: ='SV777-1 (SV004)'!#REF! -> #REF! | D44: =IF(B44="резерв","",'SV777-1 (SV004)'!#REF!) -> #REF! | E44: =IF('SV777-1 (SV004)'!#REF!<1,"","ШЛ."&'SV777-1 (SV004)'!#REF!) -> #REF!
A45: 6 | B45: =IF('SV777-1 (SV004)'!#REF!<1,"резерв",'SV777-1 (SV004)'!#REF!) -> #REF! | C45: ='SV777-1 (SV004)'!#REF! -> #REF! | D45: =IF(B45="резерв","",'SV777-1 (SV004)'!#REF!) -> #REF! | E45: =IF('SV777-1 (SV004)'!#REF!<1,"","ШЛ."&'SV777-1 (SV004)'!#REF!) -> #REF!
A46: 7 | B46: =IF('SV777-1 (SV004)'!#REF!<1,"резерв",'SV777-1 (SV004)'!#REF!) -> #REF! | C46: ='SV777-1 (SV004)'!#REF! -> #REF! | D46: =IF(B46="резерв","",'SV777-1 (SV004)'!#REF!) -> #REF! | E46: =IF('SV777-1 (SV004)'!#REF!<1,"","ШЛ."&'SV777-1 (SV004)'!#REF!) -> #REF!
A47: 8 | B47: =IF('SV777-1 (SV004)'!#REF!<1,"резерв",'SV777-1 (SV004)'!#REF!) -> #REF! | C47: ='SV777-1 (SV004)'!#REF! -> #REF! | D47: =IF(B47="резерв","",'SV777-1 (SV004)'!#REF!) -> #REF! | E47: =IF('SV777-1 (SV004)'!#REF!<1,"","ШЛ."&'SV777-1 (SV004)'!#REF!) -> #REF!
B48: SV004 - 6
A49: 1 | B49: =IF('SV777-1 (SV004)'!#REF!<1,"резерв",'SV777-1 (SV004)'!#REF!) -> #REF! | C49: ='SV777-1 (SV004)'!#REF! -> #REF! | D49: =IF(B49="резерв","",'SV777-1 (SV004)'!#REF!) -> #REF! | E49: =IF('SV777-1 (SV004)'!#REF!<1,"","ШЛ."&'SV777-1 (SV004)'!#REF!) -> #REF!
A50: 2 | B50: =IF('SV777-1 (SV004)'!#REF!<1,"резерв",'SV777-1 (SV004)'!#REF!) -> #REF! | C50: ='SV777-1 (SV004)'!#REF! -> #REF! | D50: =IF(B50="резерв","",'SV777-1 (SV004)'!#REF!) -> #REF! | E50: =IF('SV777-1 (SV004)'!#REF!<1,"","ШЛ."&'SV777-1 (SV004)'!#REF!) -> #REF!
A51: 3 | B51: =IF('SV777-1 (SV004)'!#REF!<1,"резерв",'SV777-1 (SV004)'!#REF!) -> #REF! | C51: ='SV777-1 (SV004)'!#REF! -> #REF! | D51: =IF(B51="резерв","",'SV777-1 (SV004)'!#REF!) -> #REF! | E51: =IF('SV777-1 (SV004)'!#REF!<1,"","ШЛ."&'SV777-1 (SV004)'!#REF!) -> #REF!
A52: 4 | B52: =IF('SV777-1 (SV004)'!#REF!<1,"резерв",'SV777-1 (SV004)'!#REF!) -> #REF! | C52: ='SV777-1 (SV004)'!#REF! -> #REF! | D52: =IF(B52="резерв","",'SV777-1 (SV004)'!#REF!) -> #REF! | E52: =IF('SV777-1 (SV004)'!#REF!<1,"","ШЛ."&'SV777-1 (SV004)'!#REF!) -> #REF!
A53: 5 | B53: =IF('SV777-1 (SV004)'!#REF!<1,"резерв",'SV777-1 (SV004)'!#REF!) -> #REF! | C53: ='SV777-1 (SV004)'!#REF! -> #REF! | D53: =IF(B53="резерв","",'SV777-1 (SV004)'!#REF!) -> #REF! | E53: =IF('SV777-1 (SV004)'!#REF!<1,"","ШЛ."&'SV777-1 (SV004)'!#REF!) -> #REF!
A54: 6 | B54: =IF('SV777-1 (SV004)'!#REF!<1,"резерв",'SV777-1 (SV004)'!#REF!) -> #REF! | C54: ='SV777-1 (SV004)'!#REF! -> #REF! | D54: =IF(B54="резерв","",'SV777-1 (SV004)'!#REF!) -> #REF! | E54: =IF('SV777-1 (SV004)'!#REF!<1,"","ШЛ."&'SV777-1 (SV004)'!#REF!) -> #REF!
A55: 7 | B55: =IF('SV777-1 (SV004)'!#REF!<1,"резерв",'SV777-1 (SV004)'!#REF!) -> #REF! | C55: ='SV777-1 (SV004)'!#REF! -> #REF! | D55: =IF(B55="резерв","",'SV777-1 (SV004)'!#REF!) -> #REF! | E55: =IF('SV777-1 (SV004)'!#REF!<1,"","ШЛ."&'SV777-1 (SV004)'!#REF!) -> #REF!
A56: 8 | B56: =IF('SV777-1 (SV004)'!#REF!<1,"резерв",'SV777-1 (SV004)'!#REF!) -> #REF! | C56: ='SV777-1 (SV004)'!#REF! -> #REF! | D56: =IF(B56="резерв","",'SV777-1 (SV004)'!#REF!) -> #REF! | E56: =IF('SV777-1 (SV004)'!#REF!<1,"","ШЛ."&'SV777-1 (SV004)'!#REF!) -> #REF!
B57: SV004 - 7
A58: 1 | B58: =IF('SV777-1 (SV004)'!#REF!<1,"резерв",'SV777-1 (SV004)'!#REF!) -> #REF! | C58: ='SV777-1 (SV004)'!#REF! -> #REF! | D58: =IF(B58="резерв","",'SV777-1 (SV004)'!#REF!) -> #REF! | E58: =IF('SV777-1 (SV004)'!#REF!<1,"","ШЛ."&'SV777-1 (SV004)'!#REF!) -> #REF!
A59: 2 | B59: =IF('SV777-1 (SV004)'!#REF!<1,"резерв",'SV777-1 (SV004)'!#REF!) -> #REF! | C59: ='SV777-1 (SV004)'!#REF! -> #REF! | D59: =IF(B59="резерв","",'SV777-1 (SV004)'!#REF!) -> #REF! | E59: =IF('SV777-1 (SV004)'!#REF!<1,"","ШЛ."&'SV777-1 (SV004)'!#REF!) -> #REF!
A60: 3 | B60: =IF('SV777-1 (SV004)'!#REF!<1,"резерв",'SV777-1 (SV004)'!#REF!) -> #REF! | C60: ='SV777-1 (SV004)'!#REF! -> #REF! | D60: =IF(B60="резерв","",'SV777-1 (SV004)'!#REF!) -> #REF! | E60: =IF('SV777-1 (SV004)'!#REF!<1,"","ШЛ."&'SV777-1 (SV004)'!#REF!) -> #REF!
A61: 4 | B61: =IF('SV777-1 (SV004)'!#REF!<1,"резерв",'SV777-1 (SV004)'!#REF!) -> #REF! | C61: ='SV777-1 (SV004)'!#REF! -> #REF! | D61: =IF(B61="резерв","",'SV777-1 (SV004)'!#REF!) -> #REF! | E61: =IF('SV777-1 (SV004)'!#REF!<1,"","ШЛ."&'SV777-1 (SV004)'!#REF!) -> #REF!
A62: 5 | B62: =IF('SV777-1 (SV004)'!#REF!<1,"резерв",'SV777-1 (SV004)'!#REF!) -> #REF! | C62: ='SV777-1 (SV004)'!#REF! -> #REF! | D62: =IF(B62="резерв","",'SV777-1 (SV004)'!#REF!) -> #REF! | E62: =IF('SV777-1 (SV004)'!#REF!<1,"","ШЛ."&'SV777-1 (SV004)'!#REF!) -> #REF!
A63: 6 | B63: =IF('SV777-1 (SV004)'!#REF!<1,"резерв",'SV777-1 (SV004)'!#REF!) -> #REF! | C63: ='SV777-1 (SV004)'!#REF! -> #REF! | D63: =IF(B63="резерв","",'SV777-1 (SV004)'!#REF!) -> #REF! | E63: =IF('SV777-1 (SV004)'!#REF!<1,"","ШЛ."&'SV777-1 (SV004)'!#REF!) -> #REF!
A64: 7 | B64: =IF('SV777-1 (SV004)'!#REF!<1,"резерв",'SV777-1 (SV004)'!#REF!) -> #REF! | C64: ='SV777-1 (SV004)'!#REF! -> #REF! | D64: =IF(B64="резерв","",'SV777-1 (SV004)'!#REF!) -> #REF! | E64: =IF('SV777-1 (SV004)'!#REF!<1,"","ШЛ."&'SV777-1 (SV004)'!#REF!) -> #REF!
A65: 8 | B65: =IF('SV777-1 (SV004)'!#REF!<1,"резерв",'SV777-1 (SV004)'!#REF!) -> #REF! | C65: ='SV777-1 (SV004)'!#REF! -> #REF! | D65: =IF(B65="резерв","",'SV777-1 (SV004)'!#REF!) -> #REF! | E65: =IF('SV777-1 (SV004)'!#REF!<1,"","ШЛ."&'SV777-1 (SV004)'!#REF!) -> #REF!
B66: SV004 - 8
A67: 1 | B67: =IF('SV777-1 (SV004)'!#REF!<1,"резерв",'SV777-1 (SV004)'!#REF!) -> #REF! | C67: ='SV777-1 (SV004)'!#REF! -> #REF! | D67: =IF(B67="резерв","",'SV777-1 (SV004)'!#REF!) -> #REF! | E67: =IF('SV777-1 (SV004)'!#REF!<1,"","ШЛ."&'SV777-1 (SV004)'!#REF!) -> #REF!
A68: 2 | B68: =IF('SV777-1 (SV004)'!#REF!<1,"резерв",'SV777-1 (SV004)'!#REF!) -> #REF! | C68: ='SV777-1 (SV004)'!#REF! -> #REF! | D68: =IF(B68="резерв","",'SV777-1 (SV004)'!#REF!) -> #REF! | E68: =IF('SV777-1 (SV004)'!#REF!<1,"","ШЛ."&'SV777-1 (SV004)'!#REF!) -> #REF!
A69: 3 | B69: =IF('SV777-1 (SV004)'!#REF!<1,"резерв",'SV777-1 (SV004)'!#REF!) -> #REF! | C69: ='SV777-1 (SV004)'!#REF! -> #REF! | D69: =IF(B69="резерв","",'SV777-1 (SV004)'!#REF!) -> #REF! | E69: =IF('SV777-1 (SV004)'!#REF!<1,"","ШЛ."&'SV777-1 (SV004)'!#REF!) -> #REF!
A70: 4 | B70: =IF('SV777-1 (SV004)'!#REF!<1,"резерв",'SV777-1 (SV004)'!#REF!) -> #REF! | C70: ='SV777-1 (SV004)'!#REF! -> #REF! | D70: =IF(B70="резерв","",'SV777-1 (SV004)'!#REF!) -> #REF! | E70: =IF('SV777-1 (SV004)'!#REF!<1,"","ШЛ."&'SV777-1 (SV004)'!#REF!) -> #REF!
A71: 5 | B71: =IF('SV777-1 (SV004)'!#REF!<1,"резерв",'SV777-1 (SV004)'!#REF!) -> #REF! | C71: ='SV777-1 (SV004)'!#REF! -> #REF! | D71: =IF(B71="резерв","",'SV777-1 (SV004)'!#REF!) -> #REF! | E71: =IF('SV777-1 (SV004)'!#REF!<1,"","ШЛ."&'SV777-1 (SV004)'!#REF!) -> #REF!
A72: 6 | B72: =IF('SV777-1 (SV004)'!#REF!<1,"резерв",'SV777-1 (SV004)'!#REF!) -> #REF! | C72: ='SV777-1 (SV004)'!#REF! -> #REF! | D72: =IF(B72="резерв","",'SV777-1 (SV004)'!#REF!) -> #REF! | E72: =IF('SV777-1 (SV004)'!#REF!<1,"","ШЛ."&'SV777-1 (SV004)'!#REF!) -> #REF!
A73: 7 | B73: =IF('SV777-1 (SV004)'!#REF!<1,"резерв",'SV777-1 (SV004)'!#REF!) -> #REF! | C73: ='SV777-1 (SV004)'!#REF! -> #REF! | D73: =IF(B73="резерв","",'SV777-1 (SV004)'!#REF!) -> #REF! | E73: =IF('SV777-1 (SV004)'!#REF!<1,"","ШЛ."&'SV777-1 (SV004)'!#REF!) -> #REF!
A74: 8 | B74: =IF('SV777-1 (SV004)'!#REF!<1,"резерв",'SV777-1 (SV004)'!#REF!) -> #REF! | C74: ='SV777-1 (SV004)'!#REF! -> #REF! | D74: =IF(B74="резерв","",'SV777-1 (SV004)'!#REF!) -> #REF! | E74: =IF('SV777-1 (SV004)'!#REF!<1,"","ШЛ."&'SV777-1 (SV004)'!#REF!) -> #REF!
B75: SV004 - 9
A76: 1 | B76: =IF('SV777-1 (SV004)'!#REF!<1,"резерв",'SV777-1 (SV004)'!#REF!) -> #REF! | C76: ='SV777-1 (SV004)'!#REF! -> #REF! | D76: =IF(B76="резерв","",'SV777-1 (SV004)'!#REF!) -> #REF! | E76: =IF('SV777-1 (SV004)'!#REF!<1,"","ШЛ."&'SV777-1 (SV004)'!#REF!) -> #REF!
A77: 2 | B77: =IF('SV777-1 (SV004)'!#REF!<1,"резерв",'SV777-1 (SV004)'!#REF!) -> #REF! | C77: ='SV777-1 (SV004)'!#REF! -> #REF! | D77: =IF(B77="резерв","",'SV777-1 (SV004)'!#REF!) -> #REF! | E77: =IF('SV777-1 (SV004)'!#REF!<1,"","ШЛ."&'SV777-1 (SV004)'!#REF!) -> #REF!
A78: 3 | B78: =IF('SV777-1 (SV004)'!#REF!<1,"резерв",'SV777-1 (SV004)'!#REF!) -> #REF! | C78: ='SV777-1 (SV004)'!#REF! -> #REF! | D78: =IF(B78="резерв","",'SV777-1 (SV004)'!#REF!) -> #REF! | E78: =IF('SV777-1 (SV004)'!#REF!<1,"","ШЛ."&'SV777-1 (SV004)'!#REF!) -> #REF!
A79: 4 | B79: =IF('SV777-1 (SV004)'!#REF!<1,"резерв",'SV777-1 (SV004)'!#REF!) -> #REF! | C79: ='SV777-1 (SV004)'!#REF! -> #REF! | D79: =IF(B79="резерв","",'SV777-1 (SV004)'!#REF!) -> #REF! | E79: =IF('SV777-1 (SV004)'!#REF!<1,"","ШЛ."&'SV777-1 (SV004)'!#REF!) -> #REF!
A80: 5 | B80: =IF('SV777-1 (SV004)'!#REF!<1,"резерв",'SV777-1 (SV004)'!#REF!) -> #REF! | C80: ='SV777-1 (SV004)'!#REF! -> #REF! | D80: =IF(B80="резерв","",'SV777-1 (SV004)'!#REF!) -> #REF! | E80: =IF('SV777-1 (SV004)'!#REF!<1,"","ШЛ."&'SV777-1 (SV004)'!#REF!) -> #REF!
A81: 6 | B81: =IF('SV777-1 (SV004)'!#REF!<1,"резерв",'SV777-1 (SV004)'!#REF!) -> #REF! | C81: ='SV777-1 (SV004)'!#REF! -> #REF! | D81: =IF(B81="резерв","",'SV777-1 (SV004)'!#REF!) -> #REF! | E81: =IF('SV777-1 (SV004)'!#REF!<1,"","ШЛ."&'SV777-1 (SV004)'!#REF!) -> #REF!
A82: 7 | B82: =IF('SV777-1 (SV004)'!#REF!<1,"резерв",'SV777-1 (SV004)'!#REF!) -> #REF! | C82: ='SV777-1 (SV004)'!#REF! -> #REF! | D82: =IF(B82="резерв","",'SV777-1 (SV004)'!#REF!) -> #REF! | E82: =IF('SV777-1 (SV004)'!#REF!<1,"","ШЛ."&'SV777-1 (SV004)'!#REF!) -> #REF!
A83: 8 | B83: =IF('SV777-1 (SV004)'!#REF!<1,"резерв",'SV777-1 (SV004)'!#REF!) -> #REF! | C83: ='SV777-1 (SV004)'!#REF! -> #REF! | D83: =IF(B83="резерв","",'SV777-1 (SV004)'!#REF!) -> #REF! | E83: =IF('SV777-1 (SV004)'!#REF!<1,"","ШЛ."&'SV777-1 (SV004)'!#REF!) -> #REF!
B84: SV004 - 10
A85: 1 | B85: =IF('SV777-1 (SV004)'!#REF!<1,"резерв",'SV777-1 (SV004)'!#REF!) -> #REF! | C85: ='SV777-1 (SV004)'!#REF! -> #REF! | D85: =IF(B85="резерв","",'SV777-1 (SV004)'!#REF!) -> #REF! | E85: =IF('SV777-1 (SV004)'!#REF!<1,"","ШЛ."&'SV777-1 (SV004)'!#REF!) -> #REF!
A86: 2 | B86: =IF('SV777-1 (SV004)'!#REF!<1,"резерв",'SV777-1 (SV004)'!#REF!) -> #REF! | C86: ='SV777-1 (SV004)'!#REF! -> #REF! | D86: =IF(B86="резерв","",'SV777-1 (SV004)'!#REF!) -> #REF! | E86: =IF('SV777-1 (SV004)'!#REF!<1,"","ШЛ."&'SV777-1 (SV004)'!#REF!) -> #REF!
A87: 3 | B87: =IF('SV777-1 (SV004)'!#REF!<1,"резерв",'SV777-1 (SV004)'!#REF!) -> #REF! | C87: ='SV777-1 (SV004)'!#REF! -> #REF! | D87: =IF(B87="резерв","",'SV777-1 (SV004)'!#REF!) -> #REF! | E87: =IF('SV777-1 (SV004)'!#REF!<1,"","ШЛ."&'SV777-1 (SV004)'!#REF!) -> #REF!
A88: 4 | B88: =IF('SV777-1 (SV004)'!#REF!<1,"резерв",'SV777-1 (SV004)'!#REF!) -> #REF! | C88: ='SV777-1 (SV004)'!#REF! -> #REF! | D88: =IF(B88="резерв","",'SV777-1 (SV004)'!#REF!) -> #REF! | E88: =IF('SV777-1 (SV004)'!#REF!<1,"","ШЛ."&'SV777-1 (SV004)'!#REF!) -> #REF!
A89: 5 | B89: =IF('SV777-1 (SV004)'!#REF!<1,"резерв",'SV777-1 (SV004)'!#REF!) -> #REF! | C89: ='SV777-1 (SV004)'!#REF! -> #REF! | D89: =IF(B89="резерв","",'SV777-1 (SV004)'!#REF!) -> #REF! | E89: =IF('SV777-1 (SV004)'!#REF!<1,"","ШЛ."&'SV777-1 (SV004)'!#REF!) -> #REF!
A90: 6 | B90: =IF('SV777-1 (SV004)'!#REF!<1,"резерв",'SV777-1 (SV004)'!#REF!) -> #REF! | C90: ='SV777-1 (SV004)'!#REF! -> #REF! | D90: =IF(B90="резерв","",'SV777-1 (SV004)'!#REF!) -> #REF! | E90: =IF('SV777-1 (SV004)'!#REF!<1,"","ШЛ."&'SV777-1 (SV004)'!#REF!) -> #REF!
A91: 7 | B91: =IF('SV777-1 (SV004)'!#REF!<1,"резерв",'SV777-1 (SV004)'!#REF!) -> #REF! | C91: ='SV777-1 (SV004)'!#REF! -> #REF! | D91: =IF(B91="резерв","",'SV777-1 (SV004)'!#REF!) -> #REF! | E91: =IF('SV777-1 (SV004)'!#REF!<1,"","ШЛ."&'SV777-1 (SV004)'!#REF!) -> #REF!
A92: 8 | B92: =IF('SV777-1 (SV004)'!#REF!<1,"резерв",'SV777-1 (SV004)'!#REF!) -> #REF! | C92: ='SV777-1 (SV004)'!#REF! -> #REF! | D92: =IF(B92="резерв","",'SV777-1 (SV004)'!#REF!) -> #REF! | E92: =IF('SV777-1 (SV004)'!#REF!<1,"","ШЛ."&'SV777-1 (SV004)'!#REF!) -> #REF!
B93: SV004 - 11
A94: 1 | B94: =IF('SV777-1 (SV004)'!#REF!<1,"резерв",'SV777-1 (SV004)'!#REF!) -> #REF! | C94: ='SV777-1 (SV004)'!#REF! -> #REF! | D94: =IF(B94="резерв","",'SV777-1 (SV004)'!#REF!) -> #REF! | E94: =IF('SV777-1 (SV004)'!#REF!<1,"","ШЛ."&'SV777-1 (SV004)'!#REF!) -> #REF!
A95: 2 | B95: =IF('SV777-1 (SV004)'!#REF!<1,"резерв",'SV777-1 (SV004)'!#REF!) -> #REF! | C95: ='SV777-1 (SV004)'!#REF! -> #REF! | D95: =IF(B95="резерв","",'SV777-1 (SV004)'!#REF!) -> #REF! | E95: =IF('SV777-1 (SV004)'!#REF!<1,"","ШЛ."&'SV777-1 (SV004)'!#REF!) -> #REF!
A96: 3 | B96: =IF('SV777-1 (SV004)'!#REF!<1,"резерв",'SV777-1 (SV004)'!#REF!) -> #REF! | C96: ='SV777-1 (SV004)'!#REF! -> #REF! | D96: =IF(B96="резерв","",'SV777-1 (SV004)'!#REF!) -> #REF! | E96: =IF('SV777-1 (SV004)'!#REF!<1,"","ШЛ."&'SV777-1 (SV004)'!#REF!) -> #REF!
A97: 4 | B97: =IF('SV777-1 (SV004)'!#REF!<1,"резерв",'SV777-1 (SV004)'!#REF!) -> #REF! | C97: ='SV777-1 (SV004)'!#REF! -> #REF! | D97: =IF(B97="резерв","",'SV777-1 (SV004)'!#REF!) -> #REF! | E97: =IF('SV777-1 (SV004)'!#REF!<1,"","ШЛ."&'SV777-1 (SV004)'!#REF!) -> #REF!
A98: 5 | B98: =IF('SV777-1 (SV004)'!#REF!<1,"резерв",'SV777-1 (SV004)'!#REF!) -> #REF! | C98: ='SV777-1 (SV004)'!#REF! -> #REF! | D98: =IF(B98="резерв","",'SV777-1 (SV004)'!#REF!) -> #REF! | E98: =IF('SV777-1 (SV004)'!#REF!<1,"","ШЛ."&'SV777-1 (SV004)'!#REF!) -> #REF!
A99: 6 | B99: =IF('SV777-1 (SV004)'!#REF!<1,"резерв",'SV777-1 (SV004)'!#REF!) -> #REF! | C99: ='SV777-1 (SV004)'!#REF! -> #REF! | D99: =IF(B99="резерв","",'SV777-1 (SV004)'!#REF!) -> #REF! | E99: =IF('SV777-1 (SV004)'!#REF!<1,"","ШЛ."&'SV777-1 (SV004)'!#REF!) -> #REF!
A100: 7 | B100: =IF('SV777-1 (SV004)'!#REF!<1,"резерв",'SV777-1 (SV004)'!#REF!) -> #REF! | C100: ='SV777-1 (SV004)'!#REF! -> #REF! | D100: =IF(B100="резерв","",'SV777-1 (SV004)'!#REF!) -> #REF! | E100: =IF('SV777-1 (SV004)'!#REF!<1,"","ШЛ."&'SV777-1 (SV004)'!#REF!) -> #REF!
A101: 8 | B101: =IF('SV777-1 (SV004)'!#REF!<1,"резерв",'SV777-1 (SV004)'!#REF!) -> #REF! | C101: ='SV777-1 (SV004)'!#REF! -> #REF! | D101: =IF(B101="резерв","",'SV777-1 (SV004)'!#REF!) -> #REF! | E101: =IF('SV777-1 (SV004)'!#REF!<1,"","ШЛ."&'SV777-1 (SV004)'!#REF!) -> #REF!
...

Sheet шпоргалка-2
C2: SV777 - 2
B3: SV004 - 1
A4: 1 | B4: =IF('SV777-2 (SV004)'!B16<1,"резерв",'SV777-2 (SV004)'!B16) -> резерв | C4: ='SV777-2 (SV004)'!B17 -> 0 | D4: =IF(B4="резерв","",'SV777-2 (SV004)'!D17) | E4: =IF('SV777-2 (SV004)'!D16<1,"","ШЛ."&'SV777-2 (SV004)'!D16)
A5: 2 | B5: =IF('SV777-2 (SV004)'!F16<1,"резерв",'SV777-2 (SV004)'!F16) -> резерв | C5: ='SV777-2 (SV004)'!F17 | D5: =IF(B5="резерв","",'SV777-2 (SV004)'!H17) | E5: =IF('SV777-2 (SV004)'!H16<1,"","ШЛ."&'SV777-2 (SV004)'!H16)
A6: 3 | B6: =IF('SV777-2 (SV004)'!J16<1,"резерв",'SV777-2 (SV004)'!J16) -> резерв | C6: ='SV777-2 (SV004)'!J17 | D6: =IF(B6="резерв","",'SV777-2 (SV004)'!L17) | E6: =IF('SV777-2 (SV004)'!L16<1,"","ШЛ."&'SV777-2 (SV004)'!L16)
A7: 4 | B7: =IF('SV777-2 (SV004)'!N16<1,"резерв",'SV777-2 (SV004)'!N16) -> резерв | C7: ='SV777-2 (SV004)'!N17 | D7: =IF(B7="резерв","",'SV777-2 (SV004)'!P17) | E7: =IF('SV777-2 (SV004)'!P16<1,"","ШЛ."&'SV777-2 (SV004)'!P16)
A8: 5 | B8: =IF('SV777-2 (SV004)'!B36<1,"резерв",'SV777-2 (SV004)'!B36) -> резерв | C8: ='SV777-2 (SV004)'!B37 | D8: =IF(B8="резерв","",'SV777-2 (SV004)'!D37) | E8: =IF('SV777-2 (SV004)'!D36<1,"","ШЛ."&'SV777-2 (SV004)'!D36)
A9: 6 | B9: =IF('SV777-2 (SV004)'!F36<1,"резерв",'SV777-2 (SV004)'!F36) -> резерв | C9: ='SV777-2 (SV004)'!F37 | D9: =IF(B9="резерв","",'SV777-2 (SV004)'!H37) | E9: =IF('SV777-2 (SV004)'!H36<1,"","ШЛ."&'SV777-2 (SV004)'!H36)
A10: 7 | B10: =IF('SV777-2 (SV004)'!J36<1,"резерв",'SV777-2 (SV004)'!J36) -> резерв | C10: ='SV777-2 (SV004)'!J37 | D10: =IF(B10="резерв","",'SV777-2 (SV004)'!L37) | E10: =IF('SV777-2 (SV004)'!L36<1,"","ШЛ."&'SV777-2 (SV004)'!L36)
A11: 8 | B11: =IF('SV777-2 (SV004)'!N36<1,"резерв",'SV777-2 (SV004)'!N36) -> резерв | C11: ='SV777-2 (SV004)'!N37 | D11: =IF(B11="резерв","",'SV777-2 (SV004)'!P37) | E11: =IF('SV777-2 (SV004)'!P36<1,"","ШЛ."&'SV777-2 (SV004)'!P36)
B12: SV004 - 2
A13: 1 | B13: =IF('SV777-2 (SV004)'!B58<1,"резерв",'SV777-2 (SV004)'!B58) -> резерв | C13: ='SV777-2 (SV004)'!B59 | D13: =IF(B13="резерв","",'SV777-2 (SV004)'!D59) | E13: =IF('SV777-2 (SV004)'!D58<1,"","ШЛ."&'SV777-2 (SV004)'!D58)
A14: 2 | B14: =IF('SV777-2 (SV004)'!F58<1,"резерв",'SV777-2 (SV004)'!F58) -> резерв | C14: ='SV777-2 (SV004)'!F59 | D14: =IF(B14="резерв","",'SV777-2 (SV004)'!H59) | E14: =IF('SV777-2 (SV004)'!H58<1,"","ШЛ."&'SV777-2 (SV004)'!H58)
A15: 3 | B15: =IF('SV777-2 (SV004)'!J58<1,"резерв",'SV777-2 (SV004)'!J58) -> резерв | C15: ='SV777-2 (SV004)'!J59 | D15: =IF(B15="резерв","",'SV777-2 (SV004)'!L59) | E15: =IF('SV777-2 (SV004)'!L58<1,"","ШЛ."&'SV777-2 (SV004)'!L58)
A16: 4 | B16: =IF('SV777-2 (SV004)'!N58<1,"резерв",'SV777-2 (SV004)'!N58) -> резерв | C16: ='SV777-2 (SV004)'!N59 | D16: =IF(B16="резерв","",'SV777-2 (SV004)'!P59) | E16: =IF('SV777-2 (SV004)'!P58<1,"","ШЛ."&'SV777-2 (SV004)'!P58)
A17: 5 | B17: =IF('SV777-2 (SV004)'!B78<1,"резерв",'SV777-2 (SV004)'!B78) -> резерв | C17: ='SV777-2 (SV004)'!B79 | D17: =IF(B17="резерв","",'SV777-2 (SV004)'!D79) | E17: =IF('SV777-2 (SV004)'!D78<1,"","ШЛ."&'SV777-2 (SV004)'!D78)
A18: 6 | B18: =IF('SV777-2 (SV004)'!F78<1,"резерв",'SV777-2 (SV004)'!F78) -> резерв | C18: ='SV777-2 (SV004)'!F79 | D18: =IF(B18="резерв","",'SV777-2 (SV004)'!H79) | E18: =IF('SV777-2 (SV004)'!H78<1,"","ШЛ."&'SV777-2 (SV004)'!H78)
A19: 7 | B19: =IF('SV777-2 (SV004)'!J78<1,"резерв",'SV777-2 (SV004)'!J78) -> резерв | C19: ='SV777-2 (SV004)'!J79 | D19: =IF(B19="резерв","",'SV777-2 (SV004)'!L79) | E19: =IF('SV777-2 (SV004)'!L78<1,"","ШЛ."&'SV777-2 (SV004)'!L78)
A20: 8 | B20: =IF('SV777-2 (SV004)'!N78<1,"резерв",'SV777-2 (SV004)'!N78) -> резерв | C20: ='SV777-2 (SV004)'!N79 | D20: =IF(B20="резерв","",'SV777-2 (SV004)'!P79) | E20: =IF('SV777-2 (SV004)'!P78<1,"","ШЛ."&'SV777-2 (SV004)'!P78)
B21: SV004 - 3
A22: 1 | B22: =IF('SV777-2 (SV004)'!B100<1,"резерв",'SV777-2 (SV004)'!B100) -> резерв | C22: ='SV777-2 (SV004)'!B101 | D22: =IF(B22="резерв","",'SV777-2 (SV004)'!D101) | E22: =IF('SV777-2 (SV004)'!D100<1,"","ШЛ."&'SV777-2 (SV004)'!D100)
A23: 2 | B23: =IF('SV777-2 (SV004)'!F100<1,"резерв",'SV777-2 (SV004)'!F100) -> резерв | C23: ='SV777-2 (SV004)'!F101 | D23: =IF(B23="резерв","",'SV777-2 (SV004)'!H101) | E23: =IF('SV777-2 (SV004)'!H100<1,"","ШЛ."&'SV777-2 (SV004)'!H100)
A24: 3 | B24: =IF('SV777-2 (SV004)'!J100<1,"резерв",'SV777-2 (SV004)'!J100) -> резерв | C24: ='SV777-2 (SV004)'!J101 | D24: =IF(B24="резерв","",'SV777-2 (SV004)'!L101) | E24: =IF('SV777-2 (SV004)'!L100<1,"","ШЛ."&'SV777-2 (SV004)'!L100)
A25: 4 | B25: =IF('SV777-2 (SV004)'!N100<1,"резерв",'SV777-2 (SV004)'!N100) -> резерв | C25: ='SV777-2 (SV004)'!N101 | D25: =IF(B25="резерв","",'SV777-2 (SV004)'!P101) | E25: =IF('SV777-2 (SV004)'!P100<1,"","ШЛ."&'SV777-2 (SV004)'!P100)
A26: 5 | B26: =IF('SV777-2 (SV004)'!B120<1,"резерв",'SV777-2 (SV004)'!B120) -> резерв | C26: ='SV777-2 (SV004)'!B121 | D26: =IF(B26="резерв","",'SV777-2 (SV004)'!D121) | E26: =IF('SV777-2 (SV004)'!D120<1,"","ШЛ."&'SV777-2 (SV004)'!D120)
A27: 6 | B27: =IF('SV777-2 (SV004)'!F120<1,"резерв",'SV777-2 (SV004)'!F120) -> резерв | C27: ='SV777-2 (SV004)'!F121 | D27: =IF(B27="резерв","",'SV777-2 (SV004)'!H121) | E27: =IF('SV777-2 (SV004)'!H120<1,"","ШЛ."&'SV777-2 (SV004)'!H120)
A28: 7 | B28: =IF('SV777-2 (SV004)'!J120<1,"резерв",'SV777-2 (SV004)'!J120) -> резерв | C28: ='SV777-2 (SV004)'!J121 | D28: =IF(B28="резерв","",'SV777-2 (SV004)'!L121) | E28: =IF('SV777-2 (SV004)'!L120<1,"","ШЛ."&'SV777-2 (SV004)'!L120)
A29: 8 | B29: =IF('SV777-2 (SV004)'!N120<1,"резерв",'SV777-2 (SV004)'!N120) -> резерв | C29: ='SV777-2 (SV004)'!N121 | D29: =IF(B29="резерв","",'SV777-2 (SV004)'!P121) | E29: =IF('SV777-2 (SV004)'!P120<1,"","ШЛ."&'SV777-2 (SV004)'!P120)
B30: SV004 - 4
A31: 1 | B31: =IF('SV777-2 (SV004)'!B142<1,"резерв",'SV777-2 (SV004)'!B142) -> резерв | C31: ='SV777-2 (SV004)'!B143 | D31: =IF(B31="резерв","",'SV777-2 (SV004)'!D143) | E31: =IF('SV777-2 (SV004)'!D142<1,"","ШЛ."&'SV777-2 (SV004)'!D142)
A32: 2 | B32: =IF('SV777-2 (SV004)'!F142<1,"резерв",'SV777-2 (SV004)'!F142) -> резерв | C32: ='SV777-2 (SV004)'!F143 | D32: =IF(B32="резерв","",'SV777-2 (SV004)'!H143) | E32: =IF('SV777-2 (SV004)'!H142<1,"","ШЛ."&'SV777-2 (SV004)'!H142)
A33: 3 | B33: =IF('SV777-2 (SV004)'!J142<1,"резерв",'SV777-2 (SV004)'!J142) -> резерв | C33: ='SV777-2 (SV004)'!J143 | D33: =IF(B33="резерв","",'SV777-2 (SV004)'!L143) | E33: =IF('SV777-2 (SV004)'!L142<1,"","ШЛ."&'SV777-2 (SV004)'!L142)
A34: 4 | B34: =IF('SV777-2 (SV004)'!N142<1,"резерв",'SV777-2 (SV004)'!N142) -> резерв | C34: ='SV777-2 (SV004)'!N143 | D34: =IF(B34="резерв","",'SV777-2 (SV004)'!P143) | E34: =IF('SV777-2 (SV004)'!P142<1,"","ШЛ."&'SV777-2 (SV004)'!P142)
A35: 5 | B35: =IF('SV777-2 (SV004)'!B162<1,"резерв",'SV777-2 (SV004)'!B162) -> резерв | C35: ='SV777-2 (SV004)'!B163 | D35: =IF(B35="резерв","",'SV777-2 (SV004)'!D163) | E35: =IF('SV777-2 (SV004)'!D162<1,"","ШЛ."&'SV777-2 (SV004)'!D162)
A36: 6 | B36: =IF('SV777-2 (SV004)'!F162<1,"резерв",'SV777-2 (SV004)'!F162) -> резерв | C36: ='SV777-2 (SV004)'!F163 | D36: =IF(B36="резерв","",'SV777-2 (SV004)'!H163) | E36: =IF('SV777-2 (SV004)'!H162<1,"","ШЛ."&'SV777-2 (SV004)'!H162)
A37: 7 | B37: =IF('SV777-2 (SV004)'!J162<1,"резерв",'SV777-2 (SV004)'!J162) -> резерв | C37: ='SV777-2 (SV004)'!J163 | D37: =IF(B37="резерв","",'SV777-2 (SV004)'!L163) | E37: =IF('SV777-2 (SV004)'!L162<1,"","ШЛ."&'SV777-2 (SV004)'!L162)
A38: 8 | B38: =IF('SV777-2 (SV004)'!N162<1,"резерв",'SV777-2 (SV004)'!N162) -> резерв | C38: ='SV777-2 (SV004)'!N163 | D38: =IF(B38="резерв","",'SV777-2 (SV004)'!P163) | E38: =IF('SV777-2 (SV004)'!P162<1,"","ШЛ."&'SV777-2 (SV004)'!P162)
B39: SV004 - 5
A40: 1 | B40: =IF('SV777-2 (SV004)'!B184<1,"резерв",'SV777-2 (SV004)'!B184) -> резерв | C40: ='SV777-2 (SV004)'!B185 | D40: =IF(B40="резерв","",'SV777-2 (SV004)'!D185) | E40: =IF('SV777-2 (SV004)'!D184<1,"","ШЛ."&'SV777-2 (SV004)'!D184)
A41: 2 | B41: =IF('SV777-2 (SV004)'!F184<1,"резерв",'SV777-2 (SV004)'!F184) -> резерв | C41: ='SV777-2 (SV004)'!F185 | D41: =IF(B41="резерв","",'SV777-2 (SV004)'!H185) | E41: =IF('SV777-2 (SV004)'!H184<1,"","ШЛ."&'SV777-2 (SV004)'!H184)
A42: 3 | B42: =IF('SV777-2 (SV004)'!J184<1,"резерв",'SV777-2 (SV004)'!J184) -> резерв | C42: ='SV777-2 (SV004)'!J185 | D42: =IF(B42="резерв","",'SV777-2 (SV004)'!L185) | E42: =IF('SV777-2 (SV004)'!L184<1,"","ШЛ."&'SV777-2 (SV004)'!L184)
A43: 4 | B43: =IF('SV777-2 (SV004)'!N184<1,"резерв",'SV777-2 (SV004)'!N184) -> резерв | C43: ='SV777-2 (SV004)'!N185 | D43: =IF(B43="резерв","",'SV777-2 (SV004)'!P185) | E43: =IF('SV777-2 (SV004)'!P184<1,"","ШЛ."&'SV777-2 (SV004)'!P184)
A44: 5 | B44: =IF('SV777-2 (SV004)'!B204<1,"резерв",'SV777-2 (SV004)'!B204) -> резерв | C44: ='SV777-2 (SV004)'!B205 | D44: =IF(B44="резерв","",'SV777-2 (SV004)'!D205) | E44: =IF('SV777-2 (SV004)'!D204<1,"","ШЛ."&'SV777-2 (SV004)'!D204)
A45: 6 | B45: =IF('SV777-2 (SV004)'!F204<1,"резерв",'SV777-2 (SV004)'!F204) -> резерв | C45: ='SV777-2 (SV004)'!F205 | D45: =IF(B45="резерв","",'SV777-2 (SV004)'!H205) | E45: =IF('SV777-2 (SV004)'!H204<1,"","ШЛ."&'SV777-2 (SV004)'!H204)
A46: 7 | B46: =IF('SV777-2 (SV004)'!J204<1,"резерв",'SV777-2 (SV004)'!J204) -> резерв | C46: ='SV777-2 (SV004)'!J205 | D46: =IF(B46="резерв","",'SV777-2 (SV004)'!L205) | E46: =IF('SV777-2 (SV004)'!L204<1,"","ШЛ."&'SV777-2 (SV004)'!L204)
A47: 8 | B47: =IF('SV777-2 (SV004)'!N204<1,"резерв",'SV777-2 (SV004)'!N204) -> резерв | C47: ='SV777-2 (SV004)'!N205 | D47: =IF(B47="резерв","",'SV777-2 (SV004)'!P205) | E47: =IF('SV777-2 (SV004)'!P204<1,"","ШЛ."&'SV777-2 (SV004)'!P204)
B48: SV004 - 6
A49: 1 | B49: =IF('SV777-2 (SV004)'!B226<1,"резерв",'SV777-2 (SV004)'!B226) -> резерв | C49: ='SV777-2 (SV004)'!B227 | D49: =IF(B49="резерв","",'SV777-2 (SV004)'!D227) | E49: =IF('SV777-2 (SV004)'!D226<1,"","ШЛ."&'SV777-2 (SV004)'!D226)
A50: 2 | B50: =IF('SV777-2 (SV004)'!F226<1,"резерв",'SV777-2 (SV004)'!F226) -> резерв | C50: ='SV777-2 (SV004)'!F227 | D50: =IF(B50="резерв","",'SV777-2 (SV004)'!H227) | E50: =IF('SV777-2 (SV004)'!H226<1,"","ШЛ."&'SV777-2 (SV004)'!H226)
A51: 3 | B51: =IF('SV777-2 (SV004)'!J226<1,"резерв",'SV777-2 (SV004)'!J226) -> резерв | C51: ='SV777-2 (SV004)'!J227 | D51: =IF(B51="резерв","",'SV777-2 (SV004)'!L227) | E51: =IF('SV777-2 (SV004)'!L226<1,"","ШЛ."&'SV777-2 (SV004)'!L226)
A52: 4 | B52: =IF('SV777-2 (SV004)'!N226<1,"резерв",'SV777-2 (SV004)'!N226) -> резерв | C52: ='SV777-2 (SV004)'!N227 | D52: =IF(B52="резерв","",'SV777-2 (SV004)'!P227) | E52: =IF('SV777-2 (SV004)'!P226<1,"","ШЛ."&'SV777-2 (SV004)'!P226)
A53: 5 | B53: =IF('SV777-2 (SV004)'!B246<1,"резерв",'SV777-2 (SV004)'!B246) -> резерв | C53: ='SV777-2 (SV004)'!B247 | D53: =IF(B53="резерв","",'SV777-2 (SV004)'!D247) | E53: =IF('SV777-2 (SV004)'!D246<1,"","ШЛ."&'SV777-2 (SV004)'!D246)
A54: 6 | B54: =IF('SV777-2 (SV004)'!F246<1,"резерв",'SV777-2 (SV004)'!F246) -> резерв | C54: ='SV777-2 (SV004)'!F247 | D54: =IF(B54="резерв","",'SV777-2 (SV004)'!H247) | E54: =IF('SV777-2 (SV004)'!H246<1,"","ШЛ."&'SV777-2 (SV004)'!H246)
A55: 7 | B55: =IF('SV777-2 (SV004)'!J246<1,"резерв",'SV777-2 (SV004)'!J246) -> резерв | C55: ='SV777-2 (SV004)'!J247 | D55: =IF(B55="резерв","",'SV777-2 (SV004)'!L247) | E55: =IF('SV777-2 (SV004)'!L246<1,"","ШЛ."&'SV777-2 (SV004)'!L246)
A56: 8 | B56: =IF('SV777-2 (SV004)'!N246<1,"резерв",'SV777-2 (SV004)'!N246) -> резерв | C56: ='SV777-2 (SV004)'!N247 | D56: =IF(B56="резерв","",'SV777-2 (SV004)'!P247) | E56: =IF('SV777-2 (SV004)'!P246<1,"","ШЛ."&'SV777-2 (SV004)'!P246)
B57: SV004 -7
A58: 1 | B58: =IF('SV777-2 (SV004)'!B268<1,"резерв",'SV777-2 (SV004)'!B268) -> резерв | C58: ='SV777-2 (SV004)'!B269 | D58: =IF(B58="резерв","",'SV777-2 (SV004)'!D269) | E58: =IF('SV777-2 (SV004)'!D268<1,"","ШЛ."&'SV777-2 (SV004)'!D268)
A59: 2 | B59: =IF('SV777-2 (SV004)'!F268<1,"резерв",'SV777-2 (SV004)'!F268) -> резерв | C59: ='SV777-2 (SV004)'!F269 | D59: =IF(B59="резерв","",'SV777-2 (SV004)'!H269) | E59: =IF('SV777-2 (SV004)'!H268<1,"","ШЛ."&'SV777-2 (SV004)'!H268)
A60: 3 | B60: =IF('SV777-2 (SV004)'!J268<1,"резерв",'SV777-2 (SV004)'!J268) -> резерв | C60: ='SV777-2 (SV004)'!J269 | D60: =IF(B60="резерв","",'SV777-2 (SV004)'!L269) | E60: =IF('SV777-2 (SV004)'!L268<1,"","ШЛ."&'SV777-2 (SV004)'!L268)
A61: 4 | B61: =IF('SV777-2 (SV004)'!N268<1,"резерв",'SV777-2 (SV004)'!N268) -> резерв | C61: ='SV777-2 (SV004)'!N269 | D61: =IF(B61="резерв","",'SV777-2 (SV004)'!P269) | E61: =IF('SV777-2 (SV004)'!P268<1,"","ШЛ."&'SV777-2 (SV004)'!P268)
A62: 5 | B62: =IF('SV777-2 (SV004)'!B288<1,"резерв",'SV777-2 (SV004)'!B288) -> резерв | C62: ='SV777-2 (SV004)'!B289 | D62: =IF(B62="резерв","",'SV777-2 (SV004)'!D289) | E62: =IF('SV777-2 (SV004)'!D288<1,"","ШЛ."&'SV777-2 (SV004)'!D288)
A63: 6 | B63: =IF('SV777-2 (SV004)'!F288<1,"резерв",'SV777-2 (SV004)'!F288) -> резерв | C63: ='SV777-2 (SV004)'!F289 | D63: =IF(B63="резерв","",'SV777-2 (SV004)'!H289) | E63: =IF('SV777-2 (SV004)'!H288<1,"","ШЛ."&'SV777-2 (SV004)'!H288)
A64: 7 | B64: =IF('SV777-2 (SV004)'!J288<1,"резерв",'SV777-2 (SV004)'!J288) -> резерв | C64: ='SV777-2 (SV004)'!J289 | D64: =IF(B64="резерв","",'SV777-2 (SV004)'!L289) | E64: =IF('SV777-2 (SV004)'!L288<1,"","ШЛ."&'SV777-2 (SV004)'!L288)
A65: 8 | B65: =IF('SV777-2 (SV004)'!N288<1,"резерв",'SV777-2 (SV004)'!N288) -> резерв | C65: ='SV777-2 (SV004)'!N289 | D65: =IF(B65="резерв","",'SV777-2 (SV004)'!P289) | E65: =IF('SV777-2 (SV004)'!P288<1,"","ШЛ."&'SV777-2 (SV004)'!P288)
B66: SV004 - 8
A67: 1 | B67: =IF('SV777-2 (SV004)'!B310<1,"резерв",'SV777-2 (SV004)'!B310) -> резерв | C67: ='SV777-2 (SV004)'!B311 | D67: =IF(B67="резерв","",'SV777-2 (SV004)'!D311) | E67: =IF('SV777-2 (SV004)'!D310<1,"","ШЛ."&'SV777-2 (SV004)'!D310)
A68: 2 | B68: =IF('SV777-2 (SV004)'!F310<1,"резерв",'SV777-2 (SV004)'!F310) -> резерв | C68: ='SV777-2 (SV004)'!F311 | D68: =IF(B68="резерв","",'SV777-2 (SV004)'!H311) | E68: =IF('SV777-2 (SV004)'!H310<1,"","ШЛ."&'SV777-2 (SV004)'!H310)
A69: 3 | B69: =IF('SV777-2 (SV004)'!J310<1,"резерв",'SV777-2 (SV004)'!J310) -> резерв | C69: ='SV777-2 (SV004)'!J311 | D69: =IF(B69="резерв","",'SV777-2 (SV004)'!L311) | E69: =IF('SV777-2 (SV004)'!L310<1,"","ШЛ."&'SV777-2 (SV004)'!L310)
A70: 4 | B70: =IF('SV777-2 (SV004)'!N310<1,"резерв",'SV777-2 (SV004)'!N310) -> резерв | C70: ='SV777-2 (SV004)'!N311 | D70: =IF(B70="резерв","",'SV777-2 (SV004)'!P311) | E70: =IF('SV777-2 (SV004)'!P310<1,"","ШЛ."&'SV777-2 (SV004)'!P310)
A71: 5 | B71: =IF('SV777-2 (SV004)'!B330<1,"резерв",'SV777-2 (SV004)'!B330) -> резерв | C71: ='SV777-2 (SV004)'!B331 | D71: =IF(B71="резерв","",'SV777-2 (SV004)'!D331) | E71: =IF('SV777-2 (SV004)'!D330<1,"","ШЛ."&'SV777-2 (SV004)'!D330)
A72: 6 | B72: =IF('SV777-2 (SV004)'!F330<1,"резерв",'SV777-2 (SV004)'!F330) -> резерв | C72: ='SV777-2 (SV004)'!F331 | D72: =IF(B72="резерв","",'SV777-2 (SV004)'!H331) | E72: =IF('SV777-2 (SV004)'!H330<1,"","ШЛ."&'SV777-2 (SV004)'!H330)
A73: 7 | B73: =IF('SV777-2 (SV004)'!J330<1,"резерв",'SV777-2 (SV004)'!J330) -> резерв | C73: ='SV777-2 (SV004)'!J331 | D73: =IF(B73="резерв","",'SV777-2 (SV004)'!L331) | E73: =IF('SV777-2 (SV004)'!L330<1,"","ШЛ."&'SV777-2 (SV004)'!L330)
A74: 8 | B74: =IF('SV777-2 (SV004)'!N330<1,"резерв",'SV777-2 (SV004)'!N330) -> резерв | C74: ='SV777-2 (SV004)'!N331 | D74: =IF(B74="резерв","",'SV777-2 (SV004)'!P331) | E74: =IF('SV777-2 (SV004)'!P330<1,"","ШЛ."&'SV777-2 (SV004)'!P330)
B75: SV004 - 9
A76: 1 | B76: =IF('SV777-2 (SV004)'!B352<1,"резерв",'SV777-2 (SV004)'!B352) -> резерв | C76: ='SV777-2 (SV004)'!B353 | D76: =IF(B76="резерв","",'SV777-2 (SV004)'!D353) | E76: =IF('SV777-2 (SV004)'!D352<1,"","ШЛ."&'SV777-2 (SV004)'!D352)
A77: 2 | B77: =IF('SV777-2 (SV004)'!F352<1,"резерв",'SV777-2 (SV004)'!F352) -> резерв | C77: ='SV777-2 (SV004)'!F353 | D77: =IF(B77="резерв","",'SV777-2 (SV004)'!H353) | E77: =IF('SV777-2 (SV004)'!H352<1,"","ШЛ."&'SV777-2 (SV004)'!H352)
A78: 3 | B78: =IF('SV777-2 (SV004)'!J352<1,"резерв",'SV777-2 (SV004)'!J352) -> резерв | C78: ='SV777-2 (SV004)'!J353 | D78: =IF(B78="резерв","",'SV777-2 (SV004)'!L353) | E78: =IF('SV777-2 (SV004)'!L352<1,"","ШЛ."&'SV777-2 (SV004)'!L352)
A79: 4 | B79: =IF('SV777-2 (SV004)'!N352<1,"резерв",'SV777-2 (SV004)'!N352) -> резерв | C79: ='SV777-2 (SV004)'!N353 | D79: =IF(B79="резерв","",'SV777-2 (SV004)'!P353) | E79: =IF('SV777-2 (SV004)'!P352<1,"","ШЛ."&'SV777-2 (SV004)'!P352)
A80: 5 | B80: =IF('SV777-2 (SV004)'!B372<1,"резерв",'SV777-2 (SV004)'!B372) -> резерв | C80: ='SV777-2 (SV004)'!B373 | D80: =IF(B80="резерв","",'SV777-2 (SV004)'!D373) | E80: =IF('SV777-2 (SV004)'!D372<1,"","ШЛ."&'SV777-2 (SV004)'!D372)
A81: 6 | B81: =IF('SV777-2 (SV004)'!F372<1,"резерв",'SV777-2 (SV004)'!F372) -> резерв | C81: ='SV777-2 (SV004)'!F373 | D81: =IF(B81="резерв","",'SV777-2 (SV004)'!H373) | E81: =IF('SV777-2 (SV004)'!H372<1,"","ШЛ."&'SV777-2 (SV004)'!H372)
A82: 7 | B82: =IF('SV777-2 (SV004)'!J372<1,"резерв",'SV777-2 (SV004)'!J372) -> резерв | C82: ='SV777-2 (SV004)'!J373 | D82: =IF(B82="резерв","",'SV777-2 (SV004)'!L373) | E82: =IF('SV777-2 (SV004)'!L372<1,"","ШЛ."&'SV777-2 (SV004)'!L372)
A83: 8 | B83: =IF('SV777-2 (SV004)'!N372<1,"резерв",'SV777-2 (SV004)'!N372) -> резерв | C83: ='SV777-2 (SV004)'!N373 | D83: =IF(B83="резерв","",'SV777-2 (SV004)'!P373) | E83: =IF('SV777-2 (SV004)'!P372<1,"","ШЛ."&'SV777-2 (SV004)'!P372)
B84: SV004 - 10
A85: 1 | B85: =IF('SV777-2 (SV004)'!B394<1,"резерв",'SV777-2 (SV004)'!B394) -> резерв | C85: ='SV777-2 (SV004)'!B395 | D85: =IF(B85="резерв","",'SV777-2 (SV004)'!D395) | E85: =IF('SV777-2 (SV004)'!D394<1,"","ШЛ."&'SV777-2 (SV004)'!D394)
A86: 2 | B86: =IF('SV777-2 (SV004)'!F394<1,"резерв",'SV777-2 (SV004)'!F394) -> резерв | C86: ='SV777-2 (SV004)'!F395 | D86: =IF(B86="резерв","",'SV777-2 (SV004)'!H395) | E86: =IF('SV777-2 (SV004)'!H394<1,"","ШЛ."&'SV777-2 (SV004)'!H394)
A87: 3 | B87: =IF('SV777-2 (SV004)'!J394<1,"резерв",'SV777-2 (SV004)'!J394) -> резерв | C87: ='SV777-2 (SV004)'!J395 | D87: =IF(B87="резерв","",'SV777-2 (SV004)'!L395) | E87: =IF('SV777-2 (SV004)'!L394<1,"","ШЛ."&'SV777-2 (SV004)'!L394)
A88: 4 | B88: =IF('SV777-2 (SV004)'!N394<1,"резерв",'SV777-2 (SV004)'!N394) -> резерв | C88: ='SV777-2 (SV004)'!N395 | D88: =IF(B88="резерв","",'SV777-2 (SV004)'!P395) | E88: =IF('SV777-2 (SV004)'!P394<1,"","ШЛ."&'SV777-2 (SV004)'!P394)
A89: 5 | B89: =IF('SV777-2 (SV004)'!B414<1,"резерв",'SV777-2 (SV004)'!B414) -> резерв | C89: ='SV777-2 (SV004)'!B415 | D89: =IF(B89="резерв","",'SV777-2 (SV004)'!D415) | E89: =IF('SV777-2 (SV004)'!D414<1,"","ШЛ."&'SV777-2 (SV004)'!D414)
A90: 6 | B90: =IF('SV777-2 (SV004)'!F414<1,"резерв",'SV777-2 (SV004)'!F414) -> резерв | C90: ='SV777-2 (SV004)'!F415 | D90: =IF(B90="резерв","",'SV777-2 (SV004)'!H415) | E90: =IF('SV777-2 (SV004)'!H414<1,"","ШЛ."&'SV777-2 (SV004)'!H414)
A91: 7 | B91: =IF('SV777-2 (SV004)'!J414<1,"резерв",'SV777-2 (SV004)'!J414) -> резерв | C91: ='SV777-2 (SV004)'!J415 | D91: =IF(B91="резерв","",'SV777-2 (SV004)'!L415) | E91: =IF('SV777-2 (SV004)'!L414<1,"","ШЛ."&'SV777-2 (SV004)'!L414)
A92: 8 | B92: =IF('SV777-2 (SV004)'!N414<1,"резерв",'SV777-2 (SV004)'!N414) -> резерв | C92: ='SV777-2 (SV004)'!N415 | D92: =IF(B92="резерв","",'SV777-2 (SV004)'!P415) | E92: =IF('SV777-2 (SV004)'!P414<1,"","ШЛ."&'SV777-2 (SV004)'!P414)
B93: SV004 - 11
A94: 1 | B94: =IF('SV777-2 (SV004)'!B436<1,"резерв",'SV777-2 (SV004)'!B436) -> резерв | C94: ='SV777-2 (SV004)'!B437 | D94: =IF(B94="резерв","",'SV777-2 (SV004)'!D437) | E94: =IF('SV777-2 (SV004)'!D436<1,"","ШЛ."&'SV777-2 (SV004)'!D436)
A95: 2 | B95: =IF('SV777-2 (SV004)'!F436<1,"резерв",'SV777-2 (SV004)'!F436) -> резерв | C95: ='SV777-2 (SV004)'!F437 | D95: =IF(B95="резерв","",'SV777-2 (SV004)'!H437) | E95: =IF('SV777-2 (SV004)'!H436<1,"","ШЛ."&'SV777-2 (SV004)'!H436)
A96: 3 | B96: =IF('SV777-2 (SV004)'!J436<1,"резерв",'SV777-2 (SV004)'!J436) -> резерв | C96: ='SV777-2 (SV004)'!J437 | D96: =IF(B96="резерв","",'SV777-2 (SV004)'!L437) | E96: =IF('SV777-2 (SV004)'!L436<1,"","ШЛ."&'SV777-2 (SV004)'!L436)
A97: 4 | B97: =IF('SV777-2 (SV004)'!N436<1,"резерв",'SV777-2 (SV004)'!N436) -> резерв | C97: ='SV777-2 (SV004)'!N437 | D97: =IF(B97="резерв","",'SV777-2 (SV004)'!P437) | E97: =IF('SV777-2 (SV004)'!P436<1,"","ШЛ."&'SV777-2 (SV004)'!P436)
A98: 5 | B98: =IF('SV777-2 (SV004)'!B456<1,"резерв",'SV777-2 (SV004)'!B456) -> резерв | C98: ='SV777-2 (SV004)'!B457 | D98: =IF(B98="резерв","",'SV777-2 (SV004)'!D457) | E98: =IF('SV777-2 (SV004)'!D456<1,"","ШЛ."&'SV777-2 (SV004)'!D456)
A99: 6 | B99: =IF('SV777-2 (SV004)'!F456<1,"резерв",'SV777-2 (SV004)'!F456) -> резерв | C99: ='SV777-2 (SV004)'!F457 | D99: =IF(B99="резерв","",'SV777-2 (SV004)'!H457) | E99: =IF('SV777-2 (SV004)'!H456<1,"","ШЛ."&'SV777-2 (SV004)'!H456)
A100: 7 | B100: =IF('SV777-2 (SV004)'!J456<1,"резерв",'SV777-2 (SV004)'!J456) -> резерв | C100: ='SV777-2 (SV004)'!J457 | D100: =IF(B100="резерв","",'SV777-2 (SV004)'!L457) | E100: =IF('SV777-2 (SV004)'!L456<1,"","ШЛ."&'SV777-2 (SV004)'!L456)
A101: 8 | B101: =IF('SV777-2 (SV004)'!N456<1,"резерв",'SV777-2 (SV004)'!N456) -> резерв | C101: ='SV777-2 (SV004)'!N457 | D101: =IF(B101="резерв","",'SV777-2 (SV004)'!P457) | E101: =IF('SV777-2 (SV004)'!P456<1,"","ШЛ."&'SV777-2 (SV004)'!P456)
...

Sheet шпоргалка-3
C2: SV777 - 3
B3: SV004 - 1
A4: 1 | B4: =IF('SV777-3 (SV004)'!B16<1,"резерв",'SV777-3 (SV004)'!B16) -> резерв | C4: ='SV777-3 (SV004)'!B17 | D4: =IF(B4="резерв","",'SV777-3 (SV004)'!D17) | E4: =IF('SV777-3 (SV004)'!D16<1,"","ШЛ."&'SV777-3 (SV004)'!D16)
A5: 2 | B5: =IF('SV777-3 (SV004)'!F16<1,"резерв",'SV777-3 (SV004)'!F16) -> резерв | C5: ='SV777-3 (SV004)'!F17 | D5: =IF(B5="резерв","",'SV777-3 (SV004)'!H17) | E5: =IF('SV777-3 (SV004)'!H16<1,"","ШЛ."&'SV777-3 (SV004)'!H16)
A6: 3 | B6: =IF('SV777-3 (SV004)'!J16<1,"резерв",'SV777-3 (SV004)'!J16) -> резерв | C6: ='SV777-3 (SV004)'!J17 | D6: =IF(B6="резерв","",'SV777-3 (SV004)'!L17) | E6: =IF('SV777-3 (SV004)'!L16<1,"","ШЛ."&'SV777-3 (SV004)'!L16)
A7: 4 | B7: =IF('SV777-3 (SV004)'!N16<1,"резерв",'SV777-3 (SV004)'!N16) -> резерв | C7: ='SV777-3 (SV004)'!N17 | D7: =IF(B7="резерв","",'SV777-3 (SV004)'!P17) | E7: =IF('SV777-3 (SV004)'!P16<1,"","ШЛ."&'SV777-3 (SV004)'!P16)
A8: 5 | B8: =IF('SV777-3 (SV004)'!B36<1,"резерв",'SV777-3 (SV004)'!B36) -> резерв | C8: ='SV777-3 (SV004)'!B37 | D8: =IF(B8="резерв","",'SV777-3 (SV004)'!D37) | E8: =IF('SV777-3 (SV004)'!D36<1,"","ШЛ."&'SV777-3 (SV004)'!D36)
A9: 6 | B9: =IF('SV777-3 (SV004)'!F36<1,"резерв",'SV777-3 (SV004)'!F36) -> резерв | C9: ='SV777-3 (SV004)'!F37 | D9: =IF(B9="резерв","",'SV777-3 (SV004)'!H37) | E9: =IF('SV777-3 (SV004)'!H36<1,"","ШЛ."&'SV777-3 (SV004)'!H36)
A10: 7 | B10: =IF('SV777-3 (SV004)'!J36<1,"резерв",'SV777-3 (SV004)'!J36) -> резерв | C10: ='SV777-3 (SV004)'!J37 | D10: =IF(B10="резерв","",'SV777-3 (SV004)'!L37) | E10: =IF('SV777-3 (SV004)'!L36<1,"","ШЛ."&'SV777-3 (SV004)'!L36)
A11: 8 | B11: =IF('SV777-3 (SV004)'!N36<1,"резерв",'SV777-3 (SV004)'!N36) -> резерв | C11: ='SV777-3 (SV004)'!N37 | D11: =IF(B11="резерв","",'SV777-3 (SV004)'!P37) | E11: =IF('SV777-3 (SV004)'!P36<1,"","ШЛ."&'SV777-3 (SV004)'!P36)
B12: SV004 - 2
A13: 1 | B13: =IF('SV777-3 (SV004)'!B58<1,"резерв",'SV777-3 (SV004)'!B58) -> резерв | C13: ='SV777-3 (SV004)'!B59 | D13: =IF(B13="резерв","",'SV777-3 (SV004)'!D59) | E13: =IF('SV777-3 (SV004)'!D58<1,"","ШЛ."&'SV777-3 (SV004)'!D58)
A14: 2 | B14: =IF('SV777-3 (SV004)'!F58<1,"резерв",'SV777-3 (SV004)'!F58) -> резерв | C14: ='SV777-3 (SV004)'!F59 | D14: =IF(B14="резерв","",'SV777-3 (SV004)'!H59) | E14: =IF('SV777-3 (SV004)'!H58<1,"","ШЛ."&'SV777-3 (SV004)'!H58)
A15: 3 | B15: =IF('SV777-3 (SV004)'!J58<1,"резерв",'SV777-3 (SV004)'!J58) -> резерв | C15: ='SV777-3 (SV004)'!J59 | D15: =IF(B15="резерв","",'SV777-3 (SV004)'!L59) | E15: =IF('SV777-3 (SV004)'!L58<1,"","ШЛ."&'SV777-3 (SV004)'!L58)
A16: 4 | B16: =IF('SV777-3 (SV004)'!N58<1,"резерв",'SV777-3 (SV004)'!N58) -> резерв | C16: ='SV777-3 (SV004)'!N59 | D16: =IF(B16="резерв","",'SV777-3 (SV004)'!P59) | E16: =IF('SV777-3 (SV004)'!P58<1,"","ШЛ."&'SV777-3 (SV004)'!P58)
A17: 5 | B17: =IF('SV777-3 (SV004)'!B78<1,"резерв",'SV777-3 (SV004)'!B78) -> резерв | C17: ='SV777-3 (SV004)'!B79 | D17: =IF(B17="резерв","",'SV777-3 (SV004)'!D79) | E17: =IF('SV777-3 (SV004)'!D78<1,"","ШЛ."&'SV777-3 (SV004)'!D78)
A18: 6 | B18: =IF('SV777-3 (SV004)'!F78<1,"резерв",'SV777-3 (SV004)'!F78) -> резерв | C18: ='SV777-3 (SV004)'!F79 | D18: =IF(B18="резерв","",'SV777-3 (SV004)'!H79) | E18: =IF('SV777-3 (SV004)'!H78<1,"","ШЛ."&'SV777-3 (SV004)'!H78)
A19: 7 | B19: =IF('SV777-3 (SV004)'!J78<1,"резерв",'SV777-3 (SV004)'!J78) -> резерв | C19: ='SV777-3 (SV004)'!J79 | D19: =IF(B19="резерв","",'SV777-3 (SV004)'!L79) | E19: =IF('SV777-3 (SV004)'!L78<1,"","ШЛ."&'SV777-3 (SV004)'!L78)
A20: 8 | B20: =IF('SV777-3 (SV004)'!N78<1,"резерв",'SV777-3 (SV004)'!N78) -> резерв | C20: ='SV777-3 (SV004)'!N79 | D20: =IF(B20="резерв","",'SV777-3 (SV004)'!P79) | E20: =IF('SV777-3 (SV004)'!P78<1,"","ШЛ."&'SV777-3 (SV004)'!P78)
B21: SV004 - 3
A22: 1 | B22: =IF('SV777-3 (SV004)'!B100<1,"резерв",'SV777-3 (SV004)'!B100) -> резерв | C22: ='SV777-3 (SV004)'!B101 | D22: =IF(B22="резерв","",'SV777-3 (SV004)'!D101) | E22: =IF('SV777-3 (SV004)'!D100<1,"","ШЛ."&'SV777-3 (SV004)'!D100)
A23: 2 | B23: =IF('SV777-3 (SV004)'!F100<1,"резерв",'SV777-3 (SV004)'!F100) -> резерв | C23: ='SV777-3 (SV004)'!F101 | D23: =IF(B23="резерв","",'SV777-3 (SV004)'!H101) | E23: =IF('SV777-3 (SV004)'!H100<1,"","ШЛ."&'SV777-3 (SV004)'!H100)
A24: 3 | B24: =IF('SV777-3 (SV004)'!J100<1,"резерв",'SV777-3 (SV004)'!J100) -> резерв | C24: ='SV777-3 (SV004)'!J101 | D24: =IF(B24="резерв","",'SV777-3 (SV004)'!L101) | E24: =IF('SV777-3 (SV004)'!L100<1,"","ШЛ."&'SV777-3 (SV004)'!L100)
A25: 4 | B25: =IF('SV777-3 (SV004)'!N100<1,"резерв",'SV777-3 (SV004)'!N100) -> резерв | C25: ='SV777-3 (SV004)'!N101 | D25: =IF(B25="резерв","",'SV777-3 (SV004)'!P101) | E25: =IF('SV777-3 (SV004)'!P100<1,"","ШЛ."&'SV777-3 (SV004)'!P100)
A26: 5 | B26: =IF('SV777-3 (SV004)'!B120<1,"резерв",'SV777-3 (SV004)'!B120) -> резерв | C26: ='SV777-3 (SV004)'!B121 | D26: =IF(B26="резерв","",'SV777-3 (SV004)'!D121) | E26: =IF('SV777-3 (SV004)'!D120<1,"","ШЛ."&'SV777-3 (SV004)'!D120)
A27: 6 | B27: =IF('SV777-3 (SV004)'!F120<1,"резерв",'SV777-3 (SV004)'!F120) -> резерв | C27: ='SV777-3 (SV004)'!F121 | D27: =IF(B27="резерв","",'SV777-3 (SV004)'!H121) | E27: =IF('SV777-3 (SV004)'!H120<1,"","ШЛ."&'SV777-3 (SV004)'!H120)
A28: 7 | B28: =IF('SV777-3 (SV004)'!J120<1,"резерв",'SV777-3 (SV004)'!J120) -> резерв | C28: ='SV777-3 (SV004)'!J121 | D28: =IF(B28="резерв","",'SV777-3 (SV004)'!L121) | E28: =IF('SV777-3 (SV004)'!L120<1,"","ШЛ."&'SV777-3 (SV004)'!L120)
A29: 8 | B29: =IF('SV777-3 (SV004)'!N120<1,"резерв",'SV777-3 (SV004)'!N120) -> резерв | C29: ='SV777-3 (SV004)'!N121 | D29: =IF(B29="резерв","",'SV777-3 (SV004)'!P121) | E29: =IF('SV777-3 (SV004)'!P120<1,"","ШЛ."&'SV777-3 (SV004)'!P120)
B30: SV004 - 4
A31: 1 | B31: =IF('SV777-3 (SV004)'!B142<1,"резерв",'SV777-3 (SV004)'!B142) -> резерв | C31: ='SV777-3 (SV004)'!B143 | D31: =IF(B31="резерв","",'SV777-3 (SV004)'!D143) | E31: =IF('SV777-3 (SV004)'!D142<1,"","ШЛ."&'SV777-3 (SV004)'!D142)
A32: 2 | B32: =IF('SV777-3 (SV004)'!F142<1,"резерв",'SV777-3 (SV004)'!F142) -> резерв | C32: ='SV777-3 (SV004)'!F143 | D32: =IF(B32="резерв","",'SV777-3 (SV004)'!H143) | E32: =IF('SV777-3 (SV004)'!H142<1,"","ШЛ."&'SV777-3 (SV004)'!H142)
A33: 3 | B33: =IF('SV777-3 (SV004)'!J142<1,"резерв",'SV777-3 (SV004)'!J142) -> резерв | C33: ='SV777-3 (SV004)'!J143 | D33: =IF(B33="резерв","",'SV777-3 (SV004)'!L143) | E33: =IF('SV777-3 (SV004)'!L142<1,"","ШЛ."&'SV777-3 (SV004)'!L142)
A34: 4 | B34: =IF('SV777-3 (SV004)'!N142<1,"резерв",'SV777-3 (SV004)'!N142) -> резерв | C34: ='SV777-3 (SV004)'!N143 | D34: =IF(B34="резерв","",'SV777-3 (SV004)'!P143) | E34: =IF('SV777-3 (SV004)'!P142<1,"","ШЛ."&'SV777-3 (SV004)'!P142)
A35: 5 | B35: =IF('SV777-3 (SV004)'!B162<1,"резерв",'SV777-3 (SV004)'!B162) -> резерв | C35: ='SV777-3 (SV004)'!B163 | D35: =IF(B35="резерв","",'SV777-3 (SV004)'!D163) | E35: =IF('SV777-3 (SV004)'!D162<1,"","ШЛ."&'SV777-3 (SV004)'!D162)
A36: 6 | B36: =IF('SV777-3 (SV004)'!F162<1,"резерв",'SV777-3 (SV004)'!F162) -> резерв | C36: ='SV777-3 (SV004)'!F163 | D36: =IF(B36="резерв","",'SV777-3 (SV004)'!H163) | E36: =IF('SV777-3 (SV004)'!H162<1,"","ШЛ."&'SV777-3 (SV004)'!H162)
A37: 7 | B37: =IF('SV777-3 (SV004)'!J162<1,"резерв",'SV777-3 (SV004)'!J162) -> резерв | C37: ='SV777-3 (SV004)'!J163 | D37: =IF(B37="резерв","",'SV777-3 (SV004)'!L163) | E37: =IF('SV777-3 (SV004)'!L162<1,"","ШЛ."&'SV777-3 (SV004)'!L162)
A38: 8 | B38: =IF('SV777-3 (SV004)'!N162<1,"резерв",'SV777-3 (SV004)'!N162) -> резерв | C38: ='SV777-3 (SV004)'!N163 | D38: =IF(B38="резерв","",'SV777-3 (SV004)'!P163) | E38: =IF('SV777-3 (SV004)'!P162<1,"","ШЛ."&'SV777-3 (SV004)'!P162)
B39: SV004 - 5
A40: 1 | B40: =IF('SV777-3 (SV004)'!B184<1,"резерв",'SV777-3 (SV004)'!B184) -> резерв | C40: ='SV777-3 (SV004)'!B185 | D40: =IF(B40="резерв","",'SV777-3 (SV004)'!D185) | E40: =IF('SV777-3 (SV004)'!D184<1,"","ШЛ."&'SV777-3 (SV004)'!D184)
A41: 2 | B41: =IF('SV777-3 (SV004)'!F184<1,"резерв",'SV777-3 (SV004)'!F184) -> резерв | C41: ='SV777-3 (SV004)'!F185 | D41: =IF(B41="резерв","",'SV777-3 (SV004)'!H185) | E41: =IF('SV777-3 (SV004)'!H184<1,"","ШЛ."&'SV777-3 (SV004)'!H184)
A42: 3 | B42: =IF('SV777-3 (SV004)'!J184<1,"резерв",'SV777-3 (SV004)'!J184) -> резерв | C42: ='SV777-3 (SV004)'!J185 | D42: =IF(B42="резерв","",'SV777-3 (SV004)'!L185) | E42: =IF('SV777-3 (SV004)'!L184<1,"","ШЛ."&'SV777-3 (SV004)'!L184)
A43: 4 | B43: =IF('SV777-3 (SV004)'!N184<1,"резерв",'SV777-3 (SV004)'!N184) -> резерв | C43: ='SV777-3 (SV004)'!N185 | D43: =IF(B43="резерв","",'SV777-3 (SV004)'!P185) | E43: =IF('SV777-3 (SV004)'!P184<1,"","ШЛ."&'SV777-3 (SV004)'!P184)
A44: 5 | B44: =IF('SV777-3 (SV004)'!B204<1,"резерв",'SV777-3 (SV004)'!B204) -> резерв | C44: ='SV777-3 (SV004)'!B205 | D44: =IF(B44="резерв","",'SV777-3 (SV004)'!D205) | E44: =IF('SV777-3 (SV004)'!D204<1,"","ШЛ."&'SV777-3 (SV004)'!D204)
A45: 6 | B45: =IF('SV777-3 (SV004)'!F204<1,"резерв",'SV777-3 (SV004)'!F204) -> резерв | C45: ='SV777-3 (SV004)'!F205 | D45: =IF(B45="резерв","",'SV777-3 (SV004)'!H205) | E45: =IF('SV777-3 (SV004)'!H204<1,"","ШЛ."&'SV777-3 (SV004)'!H204)
A46: 7 | B46: =IF('SV777-3 (SV004)'!J204<1,"резерв",'SV777-3 (SV004)'!J204) -> резерв | C46: ='SV777-3 (SV004)'!J205 | D46: =IF(B46="резерв","",'SV777-3 (SV004)'!L205) | E46: =IF('SV777-3 (SV004)'!L204<1,"","ШЛ."&'SV777-3 (SV004)'!L204)
A47: 8 | B47: =IF('SV777-3 (SV004)'!N204<1,"резерв",'SV777-3 (SV004)'!N204) -> резерв | C47: ='SV777-3 (SV004)'!N205 | D47: =IF(B47="резерв","",'SV777-3 (SV004)'!P205) | E47: =IF('SV777-3 (SV004)'!P204<1,"","ШЛ."&'SV777-3 (SV004)'!P204)
B48: SV004 - 6
A49: 1 | B49: =IF('SV777-3 (SV004)'!B226<1,"резерв",'SV777-3 (SV004)'!B226) -> резерв | C49: ='SV777-3 (SV004)'!B227 | D49: =IF(B49="резерв","",'SV777-3 (SV004)'!D227) | E49: =IF('SV777-3 (SV004)'!D226<1,"","ШЛ."&'SV777-3 (SV004)'!D226)
A50: 2 | B50: =IF('SV777-3 (SV004)'!F226<1,"резерв",'SV777-3 (SV004)'!F226) -> резерв | C50: ='SV777-3 (SV004)'!F227 | D50: =IF(B50="резерв","",'SV777-3 (SV004)'!H227) | E50: =IF('SV777-3 (SV004)'!H226<1,"","ШЛ."&'SV777-3 (SV004)'!H226)
A51: 3 | B51: =IF('SV777-3 (SV004)'!J226<1,"резерв",'SV777-3 (SV004)'!J226) -> резерв | C51: ='SV777-3 (SV004)'!J227 | D51: =IF(B51="резерв","",'SV777-3 (SV004)'!L227) | E51: =IF('SV777-3 (SV004)'!L226<1,"","ШЛ."&'SV777-3 (SV004)'!L226)
A52: 4 | B52: =IF('SV777-3 (SV004)'!N226<1,"резерв",'SV777-3 (SV004)'!N226) -> резерв | C52: ='SV777-3 (SV004)'!N227 | D52: =IF(B52="резерв","",'SV777-3 (SV004)'!P227) | E52: =IF('SV777-3 (SV004)'!P226<1,"","ШЛ."&'SV777-3 (SV004)'!P226)
A53: 5 | B53: =IF('SV777-3 (SV004)'!B246<1,"резерв",'SV777-3 (SV004)'!B246) -> резерв | C53: ='SV777-3 (SV004)'!B247 | D53: =IF(B53="резерв","",'SV777-3 (SV004)'!D247) | E53: =IF('SV777-3 (SV004)'!D246<1,"","ШЛ."&'SV777-3 (SV004)'!D246)
A54: 6 | B54: =IF('SV777-3 (SV004)'!F246<1,"резерв",'SV777-3 (SV004)'!F246) -> резерв | C54: ='SV777-3 (SV004)'!F247 | D54: =IF(B54="резерв","",'SV777-3 (SV004)'!H247) | E54: =IF('SV777-3 (SV004)'!H246<1,"","ШЛ."&'SV777-3 (SV004)'!H246)
A55: 7 | B55: =IF('SV777-3 (SV004)'!J246<1,"резерв",'SV777-3 (SV004)'!J246) -> резерв | C55: ='SV777-3 (SV004)'!J247 | D55: =IF(B55="резерв","",'SV777-3 (SV004)'!L247) | E55: =IF('SV777-3 (SV004)'!L246<1,"","ШЛ."&'SV777-3 (SV004)'!L246)
A56: 8 | B56: =IF('SV777-3 (SV004)'!N246<1,"резерв",'SV777-3 (SV004)'!N246) -> резерв | C56: ='SV777-3 (SV004)'!N247 | D56: =IF(B56="резерв","",'SV777-3 (SV004)'!P247) | E56: =IF('SV777-3 (SV004)'!P246<1,"","ШЛ."&'SV777-3 (SV004)'!P246)
B57: SV004 - 7
A58: 1 | B58: =IF('SV777-3 (SV004)'!B268<1,"резерв",'SV777-3 (SV004)'!B268) -> резерв | C58: ='SV777-3 (SV004)'!B269 | D58: =IF(B58="резерв","",'SV777-3 (SV004)'!D269) | E58: =IF('SV777-3 (SV004)'!D268<1,"","ШЛ."&'SV777-3 (SV004)'!D268)
A59: 2 | B59: =IF('SV777-3 (SV004)'!F268<1,"резерв",'SV777-3 (SV004)'!F268) -> резерв | C59: ='SV777-3 (SV004)'!F269 | D59: =IF(B59="резерв","",'SV777-3 (SV004)'!H269) | E59: =IF('SV777-3 (SV004)'!H268<1,"","ШЛ."&'SV777-3 (SV004)'!H268)
A60: 3 | B60: =IF('SV777-3 (SV004)'!J268<1,"резерв",'SV777-3 (SV004)'!J268) -> резерв | C60: ='SV777-3 (SV004)'!J269 | D60: =IF(B60="резерв","",'SV777-3 (SV004)'!L269) | E60: =IF('SV777-3 (SV004)'!L268<1,"","ШЛ."&'SV777-3 (SV004)'!L268)
A61: 4 | B61: =IF('SV777-3 (SV004)'!N268<1,"резерв",'SV777-3 (SV004)'!N268) -> резерв | C61: ='SV777-3 (SV004)'!N269 | D61: =IF(B61="резерв","",'SV777-3 (SV004)'!P269) | E61: =IF('SV777-3 (SV004)'!P268<1,"","ШЛ."&'SV777-3 (SV004)'!P268)
A62: 5 | B62: =IF('SV777-3 (SV004)'!B288<1,"резерв",'SV777-3 (SV004)'!B288) -> резерв | C62: ='SV777-3 (SV004)'!B289 | D62: =IF(B62="резерв","",'SV777-3 (SV004)'!D289) | E62: =IF('SV777-3 (SV004)'!D288<1,"","ШЛ."&'SV777-3 (SV004)'!D288)
A63: 6 | B63: =IF('SV777-3 (SV004)'!F288<1,"резерв",'SV777-3 (SV004)'!F288) -> резерв | C63: ='SV777-3 (SV004)'!F289 | D63: =IF(B63="резерв","",'SV777-3 (SV004)'!H289) | E63: =IF('SV777-3 (SV004)'!H288<1,"","ШЛ."&'SV777-3 (SV004)'!H288)
A64: 7 | B64: =IF('SV777-3 (SV004)'!J288<1,"резерв",'SV777-3 (SV004)'!J288) -> резерв | C64: ='SV777-3 (SV004)'!J289 | D64: =IF(B64="резерв","",'SV777-3 (SV004)'!L289) | E64: =IF('SV777-3 (SV004)'!L288<1,"","ШЛ."&'SV777-3 (SV004)'!L288)
A65: 8 | B65: =IF('SV777-3 (SV004)'!N288<1,"резерв",'SV777-3 (SV004)'!N288) -> резерв | C65: ='SV777-3 (SV004)'!N289 | D65: =IF(B65="резерв","",'SV777-3 (SV004)'!P289) | E65: =IF('SV777-3 (SV004)'!P288<1,"","ШЛ."&'SV777-3 (SV004)'!P288)
B66: SV004 - 8
A67: 1 | B67: =IF('SV777-3 (SV004)'!B310<1,"резерв",'SV777-3 (SV004)'!B310) -> резерв | C67: ='SV777-3 (SV004)'!B311 | D67: =IF(B67="резерв","",'SV777-3 (SV004)'!D311) | E67: =IF('SV777-3 (SV004)'!D310<1,"","ШЛ."&'SV777-3 (SV004)'!D310)
A68: 2 | B68: =IF('SV777-3 (SV004)'!F310<1,"резерв",'SV777-3 (SV004)'!F310) -> резерв | C68: ='SV777-3 (SV004)'!F311 | D68: =IF(B68="резерв","",'SV777-3 (SV004)'!H311) | E68: =IF('SV777-3 (SV004)'!H310<1,"","ШЛ."&'SV777-3 (SV004)'!H310)
A69: 3 | B69: =IF('SV777-3 (SV004)'!J310<1,"резерв",'SV777-3 (SV004)'!J310) -> резерв | C69: ='SV777-3 (SV004)'!J311 | D69: =IF(B69="резерв","",'SV777-3 (SV004)'!L311) | E69: =IF('SV777-3 (SV004)'!L310<1,"","ШЛ."&'SV777-3 (SV004)'!L310)
A70: 4 | B70: =IF('SV777-3 (SV004)'!N310<1,"резерв",'SV777-3 (SV004)'!N310) -> резерв | C70: ='SV777-3 (SV004)'!N311 | D70: =IF(B70="резерв","",'SV777-3 (SV004)'!P311) | E70: =IF('SV777-3 (SV004)'!P310<1,"","ШЛ."&'SV777-3 (SV004)'!P310)
A71: 5 | B71: =IF('SV777-3 (SV004)'!B330<1,"резерв",'SV777-3 (SV004)'!B330) -> резерв | C71: ='SV777-3 (SV004)'!B331 | D71: =IF(B71="резерв","",'SV777-3 (SV004)'!D331) | E71: =IF('SV777-3 (SV004)'!D330<1,"","ШЛ."&'SV777-3 (SV004)'!D330)
A72: 6 | B72: =IF('SV777-3 (SV004)'!F330<1,"резерв",'SV777-3 (SV004)'!F330) -> резерв | C72: ='SV777-3 (SV004)'!F331 | D72: =IF(B72="резерв","",'SV777-3 (SV004)'!H331) | E72: =IF('SV777-3 (SV004)'!H330<1,"","ШЛ."&'SV777-3 (SV004)'!H330)
A73: 7 | B73: =IF('SV777-3 (SV004)'!J330<1,"резерв",'SV777-3 (SV004)'!J330) -> резерв | C73: ='SV777-3 (SV004)'!J331 | D73: =IF(B73="резерв","",'SV777-3 (SV004)'!L331) | E73: =IF('SV777-3 (SV004)'!L330<1,"","ШЛ."&'SV777-3 (SV004)'!L330)
A74: 8 | B74: =IF('SV777-3 (SV004)'!N330<1,"резерв",'SV777-3 (SV004)'!N330) -> резерв | C74: ='SV777-3 (SV004)'!N331 | D74: =IF(B74="резерв","",'SV777-3 (SV004)'!P331) | E74: =IF('SV777-3 (SV004)'!P330<1,"","ШЛ."&'SV777-3 (SV004)'!P330)
B75: SV004 - 9
A76: 1 | B76: =IF('SV777-3 (SV004)'!B352<1,"резерв",'SV777-3 (SV004)'!B352) -> резерв | C76: ='SV777-3 (SV004)'!B353 | D76: =IF(B76="резерв","",'SV777-3 (SV004)'!D353) | E76: =IF('SV777-3 (SV004)'!D352<1,"","ШЛ."&'SV777-3 (SV004)'!D352)
A77: 2 | B77: =IF('SV777-3 (SV004)'!F352<1,"резерв",'SV777-3 (SV004)'!F352) -> резерв | C77: ='SV777-3 (SV004)'!F353 | D77: =IF(B77="резерв","",'SV777-3 (SV004)'!H353) | E77: =IF('SV777-3 (SV004)'!H352<1,"","ШЛ."&'SV777-3 (SV004)'!H352)
A78: 3 | B78: =IF('SV777-3 (SV004)'!J352<1,"резерв",'SV777-3 (SV004)'!J352) -> резерв | C78: ='SV777-3 (SV004)'!J353 | D78: =IF(B78="резерв","",'SV777-3 (SV004)'!L353) | E78: =IF('SV777-3 (SV004)'!L352<1,"","ШЛ."&'SV777-3 (SV004)'!L352)
A79: 4 | B79: =IF('SV777-3 (SV004)'!N352<1,"резерв",'SV777-3 (SV004)'!N352) -> резерв | C79: ='SV777-3 (SV004)'!N353 | D79: =IF(B79="резерв","",'SV777-3 (SV004)'!P353) | E79: =IF('SV777-3 (SV004)'!P352<1,"","ШЛ."&'SV777-3 (SV004)'!P352)
A80: 5 | B80: =IF('SV777-3 (SV004)'!B372<1,"резерв",'SV777-3 (SV004)'!B372) -> резерв | C80: ='SV777-3 (SV004)'!B373 | D80: =IF(B80="резерв","",'SV777-3 (SV004)'!D373) | E80: =IF('SV777-3 (SV004)'!D372<1,"","ШЛ."&'SV777-3 (SV004)'!D372)
A81: 6 | B81: =IF('SV777-3 (SV004)'!F372<1,"резерв",'SV777-3 (SV004)'!F372) -> резерв | C81: ='SV777-3 (SV004)'!F373 | D81: =IF(B81="резерв","",'SV777-3 (SV004)'!H373) | E81: =IF('SV777-3 (SV004)'!H372<1,"","ШЛ."&'SV777-3 (SV004)'!H372)
A82: 7 | B82: =IF('SV777-3 (SV004)'!J372<1,"резерв",'SV777-3 (SV004)'!J372) -> резерв | C82: ='SV777-3 (SV004)'!J373 | D82: =IF(B82="резерв","",'SV777-3 (SV004)'!L373) | E82: =IF('SV777-3 (SV004)'!L372<1,"","ШЛ."&'SV777-3 (SV004)'!L372)
A83: 8 | B83: =IF('SV777-3 (SV004)'!N372<1,"резерв",'SV777-3 (SV004)'!N372) -> резерв | C83: ='SV777-3 (SV004)'!N373 | D83: =IF(B83="резерв","",'SV777-3 (SV004)'!P373) | E83: =IF('SV777-3 (SV004)'!P372<1,"","ШЛ."&'SV777-3 (SV004)'!P372)
B84: SV004 - 10
A85: 1 | B85: =IF('SV777-3 (SV004)'!B394<1,"резерв",'SV777-3 (SV004)'!B394) -> резерв | C85: ='SV777-3 (SV004)'!B395 | D85: =IF(B85="резерв","",'SV777-3 (SV004)'!D395) | E85: =IF('SV777-3 (SV004)'!D394<1,"","ШЛ."&'SV777-3 (SV004)'!D394)
A86: 2 | B86: =IF('SV777-3 (SV004)'!F394<1,"резерв",'SV777-3 (SV004)'!F394) -> резерв | C86: ='SV777-3 (SV004)'!F395 | D86: =IF(B86="резерв","",'SV777-3 (SV004)'!H395) | E86: =IF('SV777-3 (SV004)'!H394<1,"","ШЛ."&'SV777-3 (SV004)'!H394)
A87: 3 | B87: =IF('SV777-3 (SV004)'!J394<1,"резерв",'SV777-3 (SV004)'!J394) -> резерв | C87: ='SV777-3 (SV004)'!J395 | D87: =IF(B87="резерв","",'SV777-3 (SV004)'!L395) | E87: =IF('SV777-3 (SV004)'!L394<1,"","ШЛ."&'SV777-3 (SV004)'!L394)
A88: 4 | B88: =IF('SV777-3 (SV004)'!N394<1,"резерв",'SV777-3 (SV004)'!N394) -> резерв | C88: ='SV777-3 (SV004)'!N395 | D88: =IF(B88="резерв","",'SV777-3 (SV004)'!P395) | E88: =IF('SV777-3 (SV004)'!P394<1,"","ШЛ."&'SV777-3 (SV004)'!P394)
A89: 5 | B89: =IF('SV777-3 (SV004)'!B414<1,"резерв",'SV777-3 (SV004)'!B414) -> резерв | C89: ='SV777-3 (SV004)'!B415 | D89: =IF(B89="резерв","",'SV777-3 (SV004)'!D415) | E89: =IF('SV777-3 (SV004)'!D414<1,"","ШЛ."&'SV777-3 (SV004)'!D414)
A90: 6 | B90: =IF('SV777-3 (SV004)'!F414<1,"резерв",'SV777-3 (SV004)'!F414) -> резерв | C90: ='SV777-3 (SV004)'!F415 | D90: =IF(B90="резерв","",'SV777-3 (SV004)'!H415) | E90: =IF('SV777-3 (SV004)'!H414<1,"","ШЛ."&'SV777-3 (SV004)'!H414)
A91: 7 | B91: =IF('SV777-3 (SV004)'!J414<1,"резерв",'SV777-3 (SV004)'!J414) -> резерв | C91: ='SV777-3 (SV004)'!J415 | D91: =IF(B91="резерв","",'SV777-3 (SV004)'!L415) | E91: =IF('SV777-3 (SV004)'!L414<1,"","ШЛ."&'SV777-3 (SV004)'!L414)
A92: 8 | B92: =IF('SV777-3 (SV004)'!N414<1,"резерв",'SV777-3 (SV004)'!N414) -> резерв | C92: ='SV777-3 (SV004)'!N415 | D92: =IF(B92="резерв","",'SV777-3 (SV004)'!P415) | E92: =IF('SV777-3 (SV004)'!P414<1,"","ШЛ."&'SV777-3 (SV004)'!P414)
B93: SV004 - 11
A94: 1 | B94: =IF('SV777-3 (SV004)'!B436<1,"резерв",'SV777-3 (SV004)'!B436) -> резерв | C94: ='SV777-3 (SV004)'!B437 | D94: =IF(B94="резерв","",'SV777-3 (SV004)'!D437) | E94: =IF('SV777-3 (SV004)'!D436<1,"","ШЛ."&'SV777-3 (SV004)'!D436)
A95: 2 | B95: =IF('SV777-3 (SV004)'!F436<1,"резерв",'SV777-3 (SV004)'!F436) -> резерв | C95: ='SV777-3 (SV004)'!F437 | D95: =IF(B95="резерв","",'SV777-3 (SV004)'!H437) | E95: =IF('SV777-3 (SV004)'!H436<1,"","ШЛ."&'SV777-3 (SV004)'!H436)
A96: 3 | B96: =IF('SV777-3 (SV004)'!J436<1,"резерв",'SV777-3 (SV004)'!J436) -> резерв | C96: ='SV777-3 (SV004)'!J437 | D96: =IF(B96="резерв","",'SV777-3 (SV004)'!L437) | E96: =IF('SV777-3 (SV004)'!L436<1,"","ШЛ."&'SV777-3 (SV004)'!L436)
A97: 4 | B97: =IF('SV777-3 (SV004)'!N436<1,"резерв",'SV777-3 (SV004)'!N436) -> резерв | C97: ='SV777-3 (SV004)'!N437 | D97: =IF(B97="резерв","",'SV777-3 (SV004)'!P437) | E97: =IF('SV777-3 (SV004)'!P436<1,"","ШЛ."&'SV777-3 (SV004)'!P436)
A98: 5 | B98: =IF('SV777-3 (SV004)'!B456<1,"резерв",'SV777-3 (SV004)'!B456) -> резерв | C98: ='SV777-3 (SV004)'!B457 | D98: =IF(B98="резерв","",'SV777-3 (SV004)'!D457) | E98: =IF('SV777-3 (SV004)'!D456<1,"","ШЛ."&'SV777-3 (SV004)'!D456)
A99: 6 | B99: =IF('SV777-3 (SV004)'!F456<1,"резерв",'SV777-3 (SV004)'!F456) -> резерв | C99: ='SV777-3 (SV004)'!F457 | D99: =IF(B99="резерв","",'SV777-3 (SV004)'!H457) | E99: =IF('SV777-3 (SV004)'!H456<1,"","ШЛ."&'SV777-3 (SV004)'!H456)
A100: 7 | B100: =IF('SV777-3 (SV004)'!J456<1,"резерв",'SV777-3 (SV004)'!J456) -> резерв | C100: ='SV777-3 (SV004)'!J457 | D100: =IF(B100="резерв","",'SV777-3 (SV004)'!L457) | E100: =IF('SV777-3 (SV004)'!L456<1,"","ШЛ."&'SV777-3 (SV004)'!L456)
A101: 8 | B101: =IF('SV777-3 (SV004)'!N456<1,"резерв",'SV777-3 (SV004)'!N456) -> резерв | C101: ='SV777-3 (SV004)'!N457 | D101: =IF(B101="резерв","",'SV777-3 (SV004)'!P457) | E101: =IF('SV777-3 (SV004)'!P456<1,"","ШЛ."&'SV777-3 (SV004)'!P456)
...

Sheet Шпоргалка общая
C2: ='шпоргалка-1'!C2 -> SV777 - 1 | I2: ='шпоргалка-2'!C2 -> SV777 - 2 | O2: ='шпоргалка-3'!C2 -> SV777 - 3
B3: ='шпоргалка-1'!B3 -> SV004 -1 | H3: ='шпоргалка-2'!B3 -> SV004 - 1 | N3: ='шпоргалка-3'!B3 -> SV004 - 1
A4: ='шпоргалка-1'!A4 -> 1 | B4: ='шпоргалка-1'!B4 -> резерв | C4: ='шпоргалка-1'!C4 -> 0 | D4: ='шпоргалка-1'!D4 | E4: ='шпоргалка-1'!E4 | G4: ='шпоргалка-2'!A4 -> 1 | H4: ='шпоргалка-2'!B4 -> резерв | I4: ='шпоргалка-2'!C4 -> 0 | J4: ='шпоргалка-2'!D4 | K4: ='шпоргалка-2'!E4 | M4: ='шпоргалка-3'!A4 -> 1 | N4: ='шпоргалка-3'!B4 -> резерв | O4: ='шпоргалка-3'!C4 | P4: ='шпоргалка-3'!D4 | Q4: ='шпоргалка-3'!E4
A5: ='шпоргалка-1'!A5 -> 2 | B5: ='шпоргалка-1'!B5 -> резерв | C5: ='шпоргалка-1'!C5 -> 0 | D5: ='шпоргалка-1'!D5 | E5: ='шпоргалка-1'!E5 | G5: ='шпоргалка-2'!A5 -> 2 | H5: ='шпоргалка-2'!B5 -> резерв | I5: ='шпоргалка-2'!C5 | J5: ='шпоргалка-2'!D5 | K5: ='шпоргалка-2'!E5 | M5: ='шпоргалка-3'!A5 -> 2 | N5: ='шпоргалка-3'!B5 -> резерв | O5: ='шпоргалка-3'!C5 | P5: ='шпоргалка-3'!D5 | Q5: ='шпоргалка-3'!E5
A6: ='шпоргалка-1'!A6 -> 3 | B6: ='шпоргалка-1'!B6 -> резерв | C6: ='шпоргалка-1'!C6 -> 0 | D6: ='шпоргалка-1'!D6 | E6: ='шпоргалка-1'!E6 | G6: ='шпоргалка-2'!A6 -> 3 | H6: ='шпоргалка-2'!B6 -> резерв | I6: ='шпоргалка-2'!C6 | J6: ='шпоргалка-2'!D6 | K6: ='шпоргалка-2'!E6 | M6: ='шпоргалка-3'!A6 -> 3 | N6: ='шпоргалка-3'!B6 -> резерв | O6: ='шпоргалка-3'!C6 | P6: ='шпоргалка-3'!D6 | Q6: ='шпоргалка-3'!E6
A7: ='шпоргалка-1'!A7 -> 4 | B7: ='шпоргалка-1'!B7 -> резерв | C7: ='шпоргалка-1'!C7 -> 0 | D7: ='шпоргалка-1'!D7 | E7: ='шпоргалка-1'!E7 | G7: ='шпоргалка-2'!A7 -> 4 | H7: ='шпоргалка-2'!B7 -> резерв | I7: ='шпоргалка-2'!C7 | J7: ='шпоргалка-2'!D7 | K7: ='шпоргалка-2'!E7 | M7: ='шпоргалка-3'!A7 -> 4 | N7: ='шпоргалка-3'!B7 -> резерв | O7: ='шпоргалка-3'!C7 | P7: ='шпоргалка-3'!D7 | Q7: ='шпоргалка-3'!E7
A8: ='шпоргалка-1'!A8 -> 5 | B8: ='шпоргалка-1'!B8 -> #REF! | C8: ='шпоргалка-1'!C8 -> #REF! | D8: ='шпоргалка-1'!D8 -> #REF! | E8: ='шпоргалка-1'!E8 -> #REF! | G8: ='шпоргалка-2'!A8 -> 5 | H8: ='шпоргалка-2'!B8 -> резерв | I8: ='шпоргалка-2'!C8 | J8: ='шпоргалка-2'!D8 | K8: ='шпоргалка-2'!E8 | M8: ='шпоргалка-3'!A8 -> 5 | N8: ='шпоргалка-3'!B8 -> резерв | O8: ='шпоргалка-3'!C8 | P8: ='шпоргалка-3'!D8 | Q8: ='шпоргалка-3'!E8
A9: ='шпоргалка-1'!A9 -> 6 | B9: ='шпоргалка-1'!B9 -> #REF! | C9: ='шпоргалка-1'!C9 -> #REF! | D9: ='шпоргалка-1'!D9 -> #REF! | E9: ='шпоргалка-1'!E9 -> #REF! | G9: ='шпоргалка-2'!A9 -> 6 | H9: ='шпоргалка-2'!B9 -> резерв | I9: ='шпоргалка-2'!C9 | J9: ='шпоргалка-2'!D9 | K9: ='шпоргалка-2'!E9 | M9: ='шпоргалка-3'!A9 -> 6 | N9: ='шпоргалка-3'!B9 -> резерв | O9: ='шпоргалка-3'!C9 | P9: ='шпоргалка-3'!D9 | Q9: ='шпоргалка-3'!E9
A10: ='шпоргалка-1'!A10 -> 7 | B10: ='шпоргалка-1'!B10 -> #REF! | C10: ='шпоргалка-1'!C10 -> #REF! | D10: ='шпоргалка-1'!D10 -> #REF! | E10: ='шпоргалка-1'!E10 -> #REF! | G10: ='шпоргалка-2'!A10 -> 7 | H10: ='шпоргалка-2'!B10 -> резерв | I10: ='шпоргалка-2'!C10 | J10: ='шпоргалка-2'!D10 | K10: ='шпоргалка-2'!E10 | M10: ='шпоргалка-3'!A10 -> 7 | N10: ='шпоргалка-3'!B10 -> резерв | O10: ='шпоргалка-3'!C10 | P10: ='шпоргалка-3'!D10 | Q10: ='шпоргалка-3'!E10
A11: ='шпоргалка-1'!A11 -> 8 | B11: ='шпоргалка-1'!B11 -> #REF! | C11: ='шпоргалка-1'!C11 -> #REF! | D11: ='шпоргалка-1'!D11 -> #REF! | E11: ='шпоргалка-1'!E11 -> #REF! | G11: ='шпоргалка-2'!A11 -> 8 | H11: ='шпоргалка-2'!B11 -> резерв | I11: ='шпоргалка-2'!C11 | J11: ='шпоргалка-2'!D11 | K11: ='шпоргалка-2'!E11 | M11: ='шпоргалка-3'!A11 -> 8 | N11: ='шпоргалка-3'!B11 -> резерв | O11: ='шпоргалка-3'!C11 | P11: ='шпоргалка-3'!D11 | Q11: ='шпоргалка-3'!E11
B12: ='шпоргалка-1'!B12 -> SV004 - 2 | H12: ='шпоргалка-2'!B12 -> SV004 - 2 | N12: ='шпоргалка-3'!B12 -> SV004 - 2
A13: ='шпоргалка-1'!A13 -> 1 | B13: ='шпоргалка-1'!B13 -> #REF! | C13: ='шпоргалка-1'!C13 -> #REF! | D13: ='шпоргалка-1'!D13 -> #REF! | E13: ='шпоргалка-1'!E13 -> #REF! | G13: ='шпоргалка-2'!A13 -> 1 | H13: ='шпоргалка-2'!B13 -> резерв | I13: ='шпоргалка-2'!C13 | J13: ='шпоргалка-2'!D13 | K13: ='шпоргалка-2'!E13 | M13: ='шпоргалка-3'!A13 -> 1 | N13: ='шпоргалка-3'!B13 -> резерв | O13: ='шпоргалка-3'!C13 | P13: ='шпоргалка-3'!D13 | Q13: ='шпоргалка-3'!E13
A14: ='шпоргалка-1'!A14 -> 2 | B14: ='шпоргалка-1'!B14 -> #REF! | C14: ='шпоргалка-1'!C14 -> #REF! | D14: ='шпоргалка-1'!D14 -> #REF! | E14: ='шпоргалка-1'!E14 -> #REF! | G14: ='шпоргалка-2'!A14 -> 2 | H14: ='шпоргалка-2'!B14 -> резерв | I14: ='шпоргалка-2'!C14 | J14: ='шпоргалка-2'!D14 | K14: ='шпоргалка-2'!E14 | M14: ='шпоргалка-3'!A14 -> 2 | N14: ='шпоргалка-3'!B14 -> резерв | O14: ='шпоргалка-3'!C14 | P14: ='шпоргалка-3'!D14 | Q14: ='шпоргалка-3'!E14
A15: ='шпоргалка-1'!A15 -> 3 | B15: ='шпоргалка-1'!B15 -> #REF! | C15: ='шпоргалка-1'!C15 -> #REF! | D15: ='шпоргалка-1'!D15 -> #REF! | E15: ='шпоргалка-1'!E15 -> #REF! | G15: ='шпоргалка-2'!A15 -> 3 | H15: ='шпоргалка-2'!B15 -> резерв | I15: ='шпоргалка-2'!C15 | J15: ='шпоргалка-2'!D15 | K15: ='шпоргалка-2'!E15 | M15: ='шпоргалка-3'!A15 -> 3 | N15: ='шпоргалка-3'!B15 -> резерв | O15: ='шпоргалка-3'!C15 | P15: ='шпоргалка-3'!D15 | Q15: ='шпоргалка-3'!E15
A16: ='шпоргалка-1'!A16 -> 4 | B16: ='шпоргалка-1'!B16 -> #REF! | C16: ='шпоргалка-1'!C16 -> #REF! | D16: ='шпоргалка-1'!D16 -> #REF! | E16: ='шпоргалка-1'!E16 -> #REF! | G16: ='шпоргалка-2'!A16 -> 4 | H16: ='шпоргалка-2'!B16 -> резерв | I16: ='шпоргалка-2'!C16 | J16: ='шпоргалка-2'!D16 | K16: ='шпоргалка-2'!E16 | M16: ='шпоргалка-3'!A16 -> 4 | N16: ='шпоргалка-3'!B16 -> резерв | O16: ='шпоргалка-3'!C16 | P16: ='шпоргалка-3'!D16 | Q16: ='шпоргалка-3'!E16
A17: ='шпоргалка-1'!A17 -> 5 | B17: ='шпоргалка-1'!B17 -> #REF! | C17: ='шпоргалка-1'!C17 -> #REF! | D17: ='шпоргалка-1'!D17 -> #REF! | E17: ='шпоргалка-1'!E17 -> #REF! | G17: ='шпоргалка-2'!A17 -> 5 | H17: ='шпоргалка-2'!B17 -> резерв | I17: ='шпоргалка-2'!C17 | J17: ='шпоргалка-2'!D17 | K17: ='шпоргалка-2'!E17 | M17: ='шпоргалка-3'!A17 -> 5 | N17: ='шпоргалка-3'!B17 -> резерв | O17: ='шпоргалка-3'!C17 | P17: ='шпоргалка-3'!D17 | Q17: ='шпоргалка-3'!E17
A18: ='шпоргалка-1'!A18 -> 6 | B18: ='шпоргалка-1'!B18 -> #REF! | C18: ='шпоргалка-1'!C18 -> #REF! | D18: ='шпоргалка-1'!D18 -> #REF! | E18: ='шпоргалка-1'!E18 -> #REF! | G18: ='шпоргалка-2'!A18 -> 6 | H18: ='шпоргалка-2'!B18 -> резерв | I18: ='шпоргалка-2'!C18 | J18: ='шпоргалка-2'!D18 | K18: ='шпоргалка-2'!E18 | M18: ='шпоргалка-3'!A18 -> 6 | N18: ='шпоргалка-3'!B18 -> резерв | O18: ='шпоргалка-3'!C18 | P18: ='шпоргалка-3'!D18 | Q18: ='шпоргалка-3'!E18
A19: ='шпоргалка-1'!A19 -> 7 | B19: ='шпоргалка-1'!B19 -> #REF! | C19: ='шпоргалка-1'!C19 -> #REF! | D19: ='шпоргалка-1'!D19 -> #REF! | E19: ='шпоргалка-1'!E19 -> #REF! | G19: ='шпоргалка-2'!A19 -> 7 | H19: ='шпоргалка-2'!B19 -> резерв | I19: ='шпоргалка-2'!C19 | J19: ='шпоргалка-2'!D19 | K19: ='шпоргалка-2'!E19 | M19: ='шпоргалка-3'!A19 -> 7 | N19: ='шпоргалка-3'!B19 -> резерв | O19: ='шпоргалка-3'!C19 | P19: ='шпоргалка-3'!D19 | Q19: ='шпоргалка-3'!E19
A20: ='шпоргалка-1'!A20 -> 8 | B20: ='шпоргалка-1'!B20 -> #REF! | C20: ='шпоргалка-1'!C20 -> #REF! | D20: ='шпоргалка-1'!D20 -> #REF! | E20: ='шпоргалка-1'!E20 -> #REF! | G20: ='шпоргалка-2'!A20 -> 8 | H20: ='шпоргалка-2'!B20 -> резерв | I20: ='шпоргалка-2'!C20 | J20: ='шпоргалка-2'!D20 | K20: ='шпоргалка-2'!E20 | M20: ='шпоргалка-3'!A20 -> 8 | N20: ='шпоргалка-3'!B20 -> резерв | O20: ='шпоргалка-3'!C20 | P20: ='шпоргалка-3'!D20 | Q20: ='шпоргалка-3'!E20
B21: ='шпоргалка-1'!B21 -> SV004 - 3 | H21: ='шпоргалка-2'!B21 -> SV004 - 3 | N21: ='шпоргалка-3'!B21 -> SV004 - 3
A22: ='шпоргалка-1'!A22 -> 1 | B22: ='шпоргалка-1'!B22 -> #REF! | C22: ='шпоргалка-1'!C22 -> #REF! | D22: ='шпоргалка-1'!D22 -> #REF! | E22: ='шпоргалка-1'!E22 -> #REF! | G22: ='шпоргалка-2'!A22 -> 1 | H22: ='шпоргалка-2'!B22 -> резерв | I22: ='шпоргалка-2'!C22 | J22: ='шпоргалка-2'!D22 | K22: ='шпоргалка-2'!E22 | M22: ='шпоргалка-3'!A22 -> 1 | N22: ='шпоргалка-3'!B22 -> резерв | O22: ='шпоргалка-3'!C22 | P22: ='шпоргалка-3'!D22 | Q22: ='шпоргалка-3'!E22
A23: ='шпоргалка-1'!A23 -> 2 | B23: ='шпоргалка-1'!B23 -> #REF! | C23: ='шпоргалка-1'!C23 -> #REF! | D23: ='шпоргалка-1'!D23 -> #REF! | E23: ='шпоргалка-1'!E23 -> #REF! | G23: ='шпоргалка-2'!A23 -> 2 | H23: ='шпоргалка-2'!B23 -> резерв | I23: ='шпоргалка-2'!C23 | J23: ='шпоргалка-2'!D23 | K23: ='шпоргалка-2'!E23 | M23: ='шпоргалка-3'!A23 -> 2 | N23: ='шпоргалка-3'!B23 -> резерв | O23: ='шпоргалка-3'!C23 | P23: ='шпоргалка-3'!D23 | Q23: ='шпоргалка-3'!E23
A24: ='шпоргалка-1'!A24 -> 3 | B24: ='шпоргалка-1'!B24 -> #REF! | C24: ='шпоргалка-1'!C24 -> #REF! | D24: ='шпоргалка-1'!D24 -> #REF! | E24: ='шпоргалка-1'!E24 -> #REF! | G24: ='шпоргалка-2'!A24 -> 3 | H24: ='шпоргалка-2'!B24 -> резерв | I24: ='шпоргалка-2'!C24 | J24: ='шпоргалка-2'!D24 | K24: ='шпоргалка-2'!E24 | M24: ='шпоргалка-3'!A24 -> 3 | N24: ='шпоргалка-3'!B24 -> резерв | O24: ='шпоргалка-3'!C24 | P24: ='шпоргалка-3'!D24 | Q24: ='шпоргалка-3'!E24
A25: ='шпоргалка-1'!A25 -> 4 | B25: ='шпоргалка-1'!B25 -> #REF! | C25: ='шпоргалка-1'!C25 -> #REF! | D25: ='шпоргалка-1'!D25 -> #REF! | E25: ='шпоргалка-1'!E25 -> #REF! | G25: ='шпоргалка-2'!A25 -> 4 | H25: ='шпоргалка-2'!B25 -> резерв | I25: ='шпоргалка-2'!C25 | J25: ='шпоргалка-2'!D25 | K25: ='шпоргалка-2'!E25 | M25: ='шпоргалка-3'!A25 -> 4 | N25: ='шпоргалка-3'!B25 -> резерв | O25: ='шпоргалка-3'!C25 | P25: ='шпоргалка-3'!D25 | Q25: ='шпоргалка-3'!E25
A26: ='шпоргалка-1'!A26 -> 5 | B26: ='шпоргалка-1'!B26 -> #REF! | C26: ='шпоргалка-1'!C26 -> #REF! | D26: ='шпоргалка-1'!D26 -> #REF! | E26: ='шпоргалка-1'!E26 -> #REF! | G26: ='шпоргалка-2'!A26 -> 5 | H26: ='шпоргалка-2'!B26 -> резерв | I26: ='шпоргалка-2'!C26 | J26: ='шпоргалка-2'!D26 | K26: ='шпоргалка-2'!E26 | M26: ='шпоргалка-3'!A26 -> 5 | N26: ='шпоргалка-3'!B26 -> резерв | O26: ='шпоргалка-3'!C26 | P26: ='шпоргалка-3'!D26 | Q26: ='шпоргалка-3'!E26
A27: ='шпоргалка-1'!A27 -> 6 | B27: ='шпоргалка-1'!B27 -> #REF! | C27: ='шпоргалка-1'!C27 -> #REF! | D27: ='шпоргалка-1'!D27 -> #REF! | E27: ='шпоргалка-1'!E27 -> #REF! | G27: ='шпоргалка-2'!A27 -> 6 | H27: ='шпоргалка-2'!B27 -> резерв | I27: ='шпоргалка-2'!C27 | J27: ='шпоргалка-2'!D27 | K27: ='шпоргалка-2'!E27 | M27: ='шпоргалка-3'!A27 -> 6 | N27: ='шпоргалка-3'!B27 -> резерв | O27: ='шпоргалка-3'!C27 | P27: ='шпоргалка-3'!D27 | Q27: ='шпоргалка-3'!E27
A28: ='шпоргалка-1'!A28 -> 7 | B28: ='шпоргалка-1'!B28 -> #REF! | C28: ='шпоргалка-1'!C28 -> #REF! | D28: ='шпоргалка-1'!D28 -> #REF! | E28: ='шпоргалка-1'!E28 -> #REF! | G28: ='шпоргалка-2'!A28 -> 7 | H28: ='шпоргалка-2'!B28 -> резерв | I28: ='шпоргалка-2'!C28 | J28: ='шпоргалка-2'!D28 | K28: ='шпоргалка-2'!E28 | M28: ='шпоргалка-3'!A28 -> 7 | N28: ='шпоргалка-3'!B28 -> резерв | O28: ='шпоргалка-3'!C28 | P28: ='шпоргалка-3'!D28 | Q28: ='шпоргалка-3'!E28
A29: ='шпоргалка-1'!A29 -> 8 | B29: ='шпоргалка-1'!B29 -> #REF! | C29: ='шпоргалка-1'!C29 -> #REF! | D29: ='шпоргалка-1'!D29 -> #REF! | E29: ='шпоргалка-1'!E29 -> #REF! | G29: ='шпоргалка-2'!A29 -> 8 | H29: ='шпоргалка-2'!B29 -> резерв | I29: ='шпоргалка-2'!C29 | J29: ='шпоргалка-2'!D29 | K29: ='шпоргалка-2'!E29 | M29: ='шпоргалка-3'!A29 -> 8 | N29: ='шпоргалка-3'!B29 -> резерв | O29: ='шпоргалка-3'!C29 | P29: ='шпоргалка-3'!D29 | Q29: ='шпоргалка-3'!E29
B30: ='шпоргалка-1'!B30 -> SV004 - 4 | H30: ='шпоргалка-2'!B30 -> SV004 - 4 | N30: ='шпоргалка-3'!B30 -> SV004 - 4
A31: ='шпоргалка-1'!A31 -> 1 | B31: ='шпоргалка-1'!B31 -> #REF! | C31: ='шпоргалка-1'!C31 -> #REF! | D31: ='шпоргалка-1'!D31 -> #REF! | E31: ='шпоргалка-1'!E31 -> #REF! | G31: ='шпоргалка-2'!A31 -> 1 | H31: ='шпоргалка-2'!B31 -> резерв | I31: ='шпоргалка-2'!C31 | J31: ='шпоргалка-2'!D31 | K31: ='шпоргалка-2'!E31 | M31: ='шпоргалка-3'!A31 -> 1 | N31: ='шпоргалка-3'!B31 -> резерв | O31: ='шпоргалка-3'!C31 | P31: ='шпоргалка-3'!D31 | Q31: ='шпоргалка-3'!E31
A32: ='шпоргалка-1'!A32 -> 2 | B32: ='шпоргалка-1'!B32 -> #REF! | C32: ='шпоргалка-1'!C32 -> #REF! | D32: ='шпоргалка-1'!D32 -> #REF! | E32: ='шпоргалка-1'!E32 -> #REF! | G32: ='шпоргалка-2'!A32 -> 2 | H32: ='шпоргалка-2'!B32 -> резерв | I32: ='шпоргалка-2'!C32 | J32: ='шпоргалка-2'!D32 | K32: ='шпоргалка-2'!E32 | M32: ='шпоргалка-3'!A32 -> 2 | N32: ='шпоргалка-3'!B32 -> резерв | O32: ='шпоргалка-3'!C32 | P32: ='шпоргалка-3'!D32 | Q32: ='шпоргалка-3'!E32
A33: ='шпоргалка-1'!A33 -> 3 | B33: ='шпоргалка-1'!B33 -> #REF! | C33: ='шпоргалка-1'!C33 -> #REF! | D33: ='шпоргалка-1'!D33 -> #REF! | E33: ='шпоргалка-1'!E33 -> #REF! | G33: ='шпоргалка-2'!A33 -> 3 | H33: ='шпоргалка-2'!B33 -> резерв | I33: ='шпоргалка-2'!C33 | J33: ='шпоргалка-2'!D33 | K33: ='шпоргалка-2'!E33 | M33: ='шпоргалка-3'!A33 -> 3 | N33: ='шпоргалка-3'!B33 -> резерв | O33: ='шпоргалка-3'!C33 | P33: ='шпоргалка-3'!D33 | Q33: ='шпоргалка-3'!E33
A34: ='шпоргалка-1'!A34 -> 4 | B34: ='шпоргалка-1'!B34 -> #REF! | C34: ='шпоргалка-1'!C34 -> #REF! | D34: ='шпоргалка-1'!D34 -> #REF! | E34: ='шпоргалка-1'!E34 -> #REF! | G34: ='шпоргалка-2'!A34 -> 4 | H34: ='шпоргалка-2'!B34 -> резерв | I34: ='шпоргалка-2'!C34 | J34: ='шпоргалка-2'!D34 | K34: ='шпоргалка-2'!E34 | M34: ='шпоргалка-3'!A34 -> 4 | N34: ='шпоргалка-3'!B34 -> резерв | O34: ='шпоргалка-3'!C34 | P34: ='шпоргалка-3'!D34 | Q34: ='шпоргалка-3'!E34
A35: ='шпоргалка-1'!A35 -> 5 | B35: ='шпоргалка-1'!B35 -> #REF! | C35: ='шпоргалка-1'!C35 -> #REF! | D35: ='шпоргалка-1'!D35 -> #REF! | E35: ='шпоргалка-1'!E35 -> #REF! | G35: ='шпоргалка-2'!A35 -> 5 | H35: ='шпоргалка-2'!B35 -> резерв | I35: ='шпоргалка-2'!C35 | J35: ='шпоргалка-2'!D35 | K35: ='шпоргалка-2'!E35 | M35: ='шпоргалка-3'!A35 -> 5 | N35: ='шпоргалка-3'!B35 -> резерв | O35: ='шпоргалка-3'!C35 | P35: ='шпоргалка-3'!D35 | Q35: ='шпоргалка-3'!E35
A36: ='шпоргалка-1'!A36 -> 6 | B36: ='шпоргалка-1'!B36 -> #REF! | C36: ='шпоргалка-1'!C36 -> #REF! | D36: ='шпоргалка-1'!D36 -> #REF! | E36: ='шпоргалка-1'!E36 -> #REF! | G36: ='шпоргалка-2'!A36 -> 6 | H36: ='шпоргалка-2'!B36 -> резерв | I36: ='шпоргалка-2'!C36 | J36: ='шпоргалка-2'!D36 | K36: ='шпоргалка-2'!E36 | M36: ='шпоргалка-3'!A36 -> 6 | N36: ='шпоргалка-3'!B36 -> резерв | O36: ='шпоргалка-3'!C36 | P36: ='шпоргалка-3'!D36 | Q36: ='шпоргалка-3'!E36
A37: ='шпоргалка-1'!A37 -> 7 | B37: ='шпоргалка-1'!B37 -> #REF! | C37: ='шпоргалка-1'!C37 -> #REF! | D37: ='шпоргалка-1'!D37 -> #REF! | E37: ='шпоргалка-1'!E37 -> #REF! | G37: ='шпоргалка-2'!A37 -> 7 | H37: ='шпоргалка-2'!B37 -> резерв | I37: ='шпоргалка-2'!C37 | J37: ='шпоргалка-2'!D37 | K37: ='шпоргалка-2'!E37 | M37: ='шпоргалка-3'!A37 -> 7 | N37: ='шпоргалка-3'!B37 -> резерв | O37: ='шпоргалка-3'!C37 | P37: ='шпоргалка-3'!D37 | Q37: ='шпоргалка-3'!E37
A38: ='шпоргалка-1'!A38 -> 8 | B38: ='шпоргалка-1'!B38 -> #REF! | C38: ='шпоргалка-1'!C38 -> #REF! | D38: ='шпоргалка-1'!D38 -> #REF! | E38: ='шпоргалка-1'!E38 -> #REF! | G38: ='шпоргалка-2'!A38 -> 8 | H38: ='шпоргалка-2'!B38 -> резерв | I38: ='шпоргалка-2'!C38 | J38: ='шпоргалка-2'!D38 | K38: ='шпоргалка-2'!E38 | M38: ='шпоргалка-3'!A38 -> 8 | N38: ='шпоргалка-3'!B38 -> резерв | O38: ='шпоргалка-3'!C38 | P38: ='шпоргалка-3'!D38 | Q38: ='шпоргалка-3'!E38
B39: ='шпоргалка-1'!B39 -> SV004 - 5 | H39: ='шпоргалка-2'!B39 -> SV004 - 5 | N39: ='шпоргалка-3'!B39 -> SV004 - 5
A40: ='шпоргалка-1'!A40 -> 1 | B40: ='шпоргалка-1'!B40 -> #REF! | C40: ='шпоргалка-1'!C40 -> #REF! | D40: ='шпоргалка-1'!D40 -> #REF! | E40: ='шпоргалка-1'!E40 -> #REF! | G40: ='шпоргалка-2'!A40 -> 1 | H40: ='шпоргалка-2'!B40 -> резерв | I40: ='шпоргалка-2'!C40 | J40: ='шпоргалка-2'!D40 | K40: ='шпоргалка-2'!E40 | M40: ='шпоргалка-3'!A40 -> 1 | N40: ='шпоргалка-3'!B40 -> резерв | O40: ='шпоргалка-3'!C40 | P40: ='шпоргалка-3'!D40 | Q40: ='шпоргалка-3'!E40
A41: ='шпоргалка-1'!A41 -> 2 | B41: ='шпоргалка-1'!B41 -> #REF! | C41: ='шпоргалка-1'!C41 -> #REF! | D41: ='шпоргалка-1'!D41 -> #REF! | E41: ='шпоргалка-1'!E41 -> #REF! | G41: ='шпоргалка-2'!A41 -> 2 | H41: ='шпоргалка-2'!B41 -> резерв | I41: ='шпоргалка-2'!C41 | J41: ='шпоргалка-2'!D41 | K41: ='шпоргалка-2'!E41 | M41: ='шпоргалка-3'!A41 -> 2 | N41: ='шпоргалка-3'!B41 -> резерв | O41: ='шпоргалка-3'!C41 | P41: ='шпоргалка-3'!D41 | Q41: ='шпоргалка-3'!E41
A42: ='шпоргалка-1'!A42 -> 3 | B42: ='шпоргалка-1'!B42 -> #REF! | C42: ='шпоргалка-1'!C42 -> #REF! | D42: ='шпоргалка-1'!D42 -> #REF! | E42: ='шпоргалка-1'!E42 -> #REF! | G42: ='шпоргалка-2'!A42 -> 3 | H42: ='шпоргалка-2'!B42 -> резерв | I42: ='шпоргалка-2'!C42 | J42: ='шпоргалка-2'!D42 | K42: ='шпоргалка-2'!E42 | M42: ='шпоргалка-3'!A42 -> 3 | N42: ='шпоргалка-3'!B42 -> резерв | O42: ='шпоргалка-3'!C42 | P42: ='шпоргалка-3'!D42 | Q42: ='шпоргалка-3'!E42
A43: ='шпоргалка-1'!A43 -> 4 | B43: ='шпоргалка-1'!B43 -> #REF! | C43: ='шпоргалка-1'!C43 -> #REF! | D43: ='шпоргалка-1'!D43 -> #REF! | E43: ='шпоргалка-1'!E43 -> #REF! | G43: ='шпоргалка-2'!A43 -> 4 | H43: ='шпоргалка-2'!B43 -> резерв | I43: ='шпоргалка-2'!C43 | J43: ='шпоргалка-2'!D43 | K43: ='шпоргалка-2'!E43 | M43: ='шпоргалка-3'!A43 -> 4 | N43: ='шпоргалка-3'!B43 -> резерв | O43: ='шпоргалка-3'!C43 | P43: ='шпоргалка-3'!D43 | Q43: ='шпоргалка-3'!E43
A44: ='шпоргалка-1'!A44 -> 5 | B44: ='шпоргалка-1'!B44 -> #REF! | C44: ='шпоргалка-1'!C44 -> #REF! | D44: ='шпоргалка-1'!D44 -> #REF! | E44: ='шпоргалка-1'!E44 -> #REF! | G44: ='шпоргалка-2'!A44 -> 5 | H44: ='шпоргалка-2'!B44 -> резерв | I44: ='шпоргалка-2'!C44 | J44: ='шпоргалка-2'!D44 | K44: ='шпоргалка-2'!E44 | M44: ='шпоргалка-3'!A44 -> 5 | N44: ='шпоргалка-3'!B44 -> резерв | O44: ='шпоргалка-3'!C44 | P44: ='шпоргалка-3'!D44 | Q44: ='шпоргалка-3'!E44
A45: ='шпоргалка-1'!A45 -> 6 | B45: ='шпоргалка-1'!B45 -> #REF! | C45: ='шпоргалка-1'!C45 -> #REF! | D45: ='шпоргалка-1'!D45 -> #REF! | E45: ='шпоргалка-1'!E45 -> #REF! | G45: ='шпоргалка-2'!A45 -> 6 | H45: ='шпоргалка-2'!B45 -> резерв | I45: ='шпоргалка-2'!C45 | J45: ='шпоргалка-2'!D45 | K45: ='шпоргалка-2'!E45 | M45: ='шпоргалка-3'!A45 -> 6 | N45: ='шпоргалка-3'!B45 -> резерв | O45: ='шпоргалка-3'!C45 | P45: ='шпоргалка-3'!D45 | Q45: ='шпоргалка-3'!E45
A46: ='шпоргалка-1'!A46 -> 7 | B46: ='шпоргалка-1'!B46 -> #REF! | C46: ='шпоргалка-1'!C46 -> #REF! | D46: ='шпоргалка-1'!D46 -> #REF! | E46: ='шпоргалка-1'!E46 -> #REF! | G46: ='шпоргалка-2'!A46 -> 7 | H46: ='шпоргалка-2'!B46 -> резерв | I46: ='шпоргалка-2'!C46 | J46: ='шпоргалка-2'!D46 | K46: ='шпоргалка-2'!E46 | M46: ='шпоргалка-3'!A46 -> 7 | N46: ='шпоргалка-3'!B46 -> резерв | O46: ='шпоргалка-3'!C46 | P46: ='шпоргалка-3'!D46 | Q46: ='шпоргалка-3'!E46
A47: ='шпоргалка-1'!A47 -> 8 | B47: ='шпоргалка-1'!B47 -> #REF! | C47: ='шпоргалка-1'!C47 -> #REF! | D47: ='шпоргалка-1'!D47 -> #REF! | E47: ='шпоргалка-1'!E47 -> #REF! | G47: ='шпоргалка-2'!A47 -> 8 | H47: ='шпоргалка-2'!B47 -> резерв | I47: ='шпоргалка-2'!C47 | J47: ='шпоргалка-2'!D47 | K47: ='шпоргалка-2'!E47 | M47: ='шпоргалка-3'!A47 -> 8 | N47: ='шпоргалка-3'!B47 -> резерв | O47: ='шпоргалка-3'!C47 | P47: ='шпоргалка-3'!D47 | Q47: ='шпоргалка-3'!E47
B48: ='шпоргалка-1'!B48 -> SV004 - 6 | H48: ='шпоргалка-2'!B48 -> SV004 - 6 | N48: ='шпоргалка-3'!B48 -> SV004 - 6
A49: ='шпоргалка-1'!A49 -> 1 | B49: ='шпоргалка-1'!B49 -> #REF! | C49: ='шпоргалка-1'!C49 -> #REF! | D49: ='шпоргалка-1'!D49 -> #REF! | E49: ='шпоргалка-1'!E49 -> #REF! | G49: ='шпоргалка-2'!A49 -> 1 | H49: ='шпоргалка-2'!B49 -> резерв | I49: ='шпоргалка-2'!C49 | J49: ='шпоргалка-2'!D49 | K49: ='шпоргалка-2'!E49 | M49: ='шпоргалка-3'!A49 -> 1 | N49: ='шпоргалка-3'!B49 -> резерв | O49: ='шпоргалка-3'!C49 | P49: ='шпоргалка-3'!D49 | Q49: ='шпоргалка-3'!E49
A50: ='шпоргалка-1'!A50 -> 2 | B50: ='шпоргалка-1'!B50 -> #REF! | C50: ='шпоргалка-1'!C50 -> #REF! | D50: ='шпоргалка-1'!D50 -> #REF! | E50: ='шпоргалка-1'!E50 -> #REF! | G50: ='шпоргалка-2'!A50 -> 2 | H50: ='шпоргалка-2'!B50 -> резерв | I50: ='шпоргалка-2'!C50 | J50: ='шпоргалка-2'!D50 | K50: ='шпоргалка-2'!E50 | M50: ='шпоргалка-3'!A50 -> 2 | N50: ='шпоргалка-3'!B50 -> резерв | O50: ='шпоргалка-3'!C50 | P50: ='шпоргалка-3'!D50 | Q50: ='шпоргалка-3'!E50
A51: ='шпоргалка-1'!A51 -> 3 | B51: ='шпоргалка-1'!B51 -> #REF! | C51: ='шпоргалка-1'!C51 -> #REF! | D51: ='шпоргалка-1'!D51 -> #REF! | E51: ='шпоргалка-1'!E51 -> #REF! | G51: ='шпоргалка-2'!A51 -> 3 | H51: ='шпоргалка-2'!B51 -> резерв | I51: ='шпоргалка-2'!C51 | J51: ='шпоргалка-2'!D51 | K51: ='шпоргалка-2'!E51 | M51: ='шпоргалка-3'!A51 -> 3 | N51: ='шпоргалка-3'!B51 -> резерв | O51: ='шпоргалка-3'!C51 | P51: ='шпоргалка-3'!D51 | Q51: ='шпоргалка-3'!E51
A52: ='шпоргалка-1'!A52 -> 4 | B52: ='шпоргалка-1'!B52 -> #REF! | C52: ='шпоргалка-1'!C52 -> #REF! | D52: ='шпоргалка-1'!D52 -> #REF! | E52: ='шпоргалка-1'!E52 -> #REF! | G52: ='шпоргалка-2'!A52 -> 4 | H52: ='шпоргалка-2'!B52 -> резерв | I52: ='шпоргалка-2'!C52 | J52: ='шпоргалка-2'!D52 | K52: ='шпоргалка-2'!E52 | M52: ='шпоргалка-3'!A52 -> 4 | N52: ='шпоргалка-3'!B52 -> резерв | O52: ='шпоргалка-3'!C52 | P52: ='шпоргалка-3'!D52 | Q52: ='шпоргалка-3'!E52
A53: ='шпоргалка-1'!A53 -> 5 | B53: ='шпоргалка-1'!B53 -> #REF! | C53: ='шпоргалка-1'!C53 -> #REF! | D53: ='шпоргалка-1'!D53 -> #REF! | E53: ='шпоргалка-1'!E53 -> #REF! | G53: ='шпоргалка-2'!A53 -> 5 | H53: ='шпоргалка-2'!B53 -> резерв | I53: ='шпоргалка-2'!C53 | J53: ='шпоргалка-2'!D53 | K53: ='шпоргалка-2'!E53 | M53: ='шпоргалка-3'!A53 -> 5 | N53: ='шпоргалка-3'!B53 -> резерв | O53: ='шпоргалка-3'!C53 | P53: ='шпоргалка-3'!D53 | Q53: ='шпоргалка-3'!E53
A54: ='шпоргалка-1'!A54 -> 6 | B54: ='шпоргалка-1'!B54 -> #REF! | C54: ='шпоргалка-1'!C54 -> #REF! | D54: ='шпоргалка-1'!D54 -> #REF! | E54: ='шпоргалка-1'!E54 -> #REF! | G54: ='шпоргалка-2'!A54 -> 6 | H54: ='шпоргалка-2'!B54 -> резерв | I54: ='шпоргалка-2'!C54 | J54: ='шпоргалка-2'!D54 | K54: ='шпоргалка-2'!E54 | M54: ='шпоргалка-3'!A54 -> 6 | N54: ='шпоргалка-3'!B54 -> резерв | O54: ='шпоргалка-3'!C54 | P54: ='шпоргалка-3'!D54 | Q54: ='шпоргалка-3'!E54
A55: ='шпоргалка-1'!A55 -> 7 | B55: ='шпоргалка-1'!B55 -> #REF! | C55: ='шпоргалка-1'!C55 -> #REF! | D55: ='шпоргалка-1'!D55 -> #REF! | E55: ='шпоргалка-1'!E55 -> #REF! | G55: ='шпоргалка-2'!A55 -> 7 | H55: ='шпоргалка-2'!B55 -> резерв | I55: ='шпоргалка-2'!C55 | J55: ='шпоргалка-2'!D55 | K55: ='шпоргалка-2'!E55 | M55: ='шпоргалка-3'!A55 -> 7 | N55: ='шпоргалка-3'!B55 -> резерв | O55: ='шпоргалка-3'!C55 | P55: ='шпоргалка-3'!D55 | Q55: ='шпоргалка-3'!E55
A56: ='шпоргалка-1'!A56 -> 8 | B56: ='шпоргалка-1'!B56 -> #REF! | C56: ='шпоргалка-1'!C56 -> #REF! | D56: ='шпоргалка-1'!D56 -> #REF! | E56: ='шпоргалка-1'!E56 -> #REF! | G56: ='шпоргалка-2'!A56 -> 8 | H56: ='шпоргалка-2'!B56 -> резерв | I56: ='шпоргалка-2'!C56 | J56: ='шпоргалка-2'!D56 | K56: ='шпоргалка-2'!E56 | M56: ='шпоргалка-3'!A56 -> 8 | N56: ='шпоргалка-3'!B56 -> резерв | O56: ='шпоргалка-3'!C56 | P56: ='шпоргалка-3'!D56 | Q56: ='шпоргалка-3'!E56
B57: ='шпоргалка-1'!B57 -> SV004 - 7 | H57: ='шпоргалка-2'!B57 -> SV004 -7 | N57: ='шпоргалка-3'!B57 -> SV004 - 7
A58: ='шпоргалка-1'!A58 -> 1 | B58: ='шпоргалка-1'!B58 -> #REF! | C58: ='шпоргалка-1'!C58 -> #REF! | D58: ='шпоргалка-1'!D58 -> #REF! | E58: ='шпоргалка-1'!E58 -> #REF! | G58: ='шпоргалка-2'!A58 -> 1 | H58: ='шпоргалка-2'!B58 -> резерв | I58: ='шпоргалка-2'!C58 | J58: ='шпоргалка-2'!D58 | K58: ='шпоргалка-2'!E58 | M58: ='шпоргалка-3'!A58 -> 1 | N58: ='шпоргалка-3'!B58 -> резерв | O58: ='шпоргалка-3'!C58 | P58: ='шпоргалка-3'!D58 | Q58: ='шпоргалка-3'!E58
A59: ='шпоргалка-1'!A59 -> 2 | B59: ='шпоргалка-1'!B59 -> #REF! | C59: ='шпоргалка-1'!C59 -> #REF! | D59: ='шпоргалка-1'!D59 -> #REF! | E59: ='шпоргалка-1'!E59 -> #REF! | G59: ='шпоргалка-2'!A59 -> 2 | H59: ='шпоргалка-2'!B59 -> резерв | I59: ='шпоргалка-2'!C59 | J59: ='шпоргалка-2'!D59 | K59: ='шпоргалка-2'!E59 | M59: ='шпоргалка-3'!A59 -> 2 | N59: ='шпоргалка-3'!B59 -> резерв | O59: ='шпоргалка-3'!C59 | P59: ='шпоргалка-3'!D59 | Q59: ='шпоргалка-3'!E59
A60: ='шпоргалка-1'!A60 -> 3 | B60: ='шпоргалка-1'!B60 -> #REF! | C60: ='шпоргалка-1'!C60 -> #REF! | D60: ='шпоргалка-1'!D60 -> #REF! | E60: ='шпоргалка-1'!E60 -> #REF! | G60: ='шпоргалка-2'!A60 -> 3 | H60: ='шпоргалка-2'!B60 -> резерв | I60: ='шпоргалка-2'!C60 | J60: ='шпоргалка-2'!D60 | K60: ='шпоргалка-2'!E60 | M60: ='шпоргалка-3'!A60 -> 3 | N60: ='шпоргалка-3'!B60 -> резерв | O60: ='шпоргалка-3'!C60 | P60: ='шпоргалка-3'!D60 | Q60: ='шпоргалка-3'!E60
A61: ='шпоргалка-1'!A61 -> 4 | B61: ='шпоргалка-1'!B61 -> #REF! | C61: ='шпоргалка-1'!C61 -> #REF! | D61: ='шпоргалка-1'!D61 -> #REF! | E61: ='шпоргалка-1'!E61 -> #REF! | G61: ='шпоргалка-2'!A61 -> 4 | H61: ='шпоргалка-2'!B61 -> резерв | I61: ='шпоргалка-2'!C61 | J61: ='шпоргалка-2'!D61 | K61: ='шпоргалка-2'!E61 | M61: ='шпоргалка-3'!A61 -> 4 | N61: ='шпоргалка-3'!B61 -> резерв | O61: ='шпоргалка-3'!C61 | P61: ='шпоргалка-3'!D61 | Q61: ='шпоргалка-3'!E61
A62: ='шпоргалка-1'!A62 -> 5 | B62: ='шпоргалка-1'!B62 -> #REF! | C62: ='шпоргалка-1'!C62 -> #REF! | D62: ='шпоргалка-1'!D62 -> #REF! | E62: ='шпоргалка-1'!E62 -> #REF! | G62: ='шпоргалка-2'!A62 -> 5 | H62: ='шпоргалка-2'!B62 -> резерв | I62: ='шпоргалка-2'!C62 | J62: ='шпоргалка-2'!D62 | K62: ='шпоргалка-2'!E62 | M62: ='шпоргалка-3'!A62 -> 5 | N62: ='шпоргалка-3'!B62 -> резерв | O62: ='шпоргалка-3'!C62 | P62: ='шпоргалка-3'!D62 | Q62: ='шпоргалка-3'!E62
A63: ='шпоргалка-1'!A63 -> 6 | B63: ='шпоргалка-1'!B63 -> #REF! | C63: ='шпоргалка-1'!C63 -> #REF! | D63: ='шпоргалка-1'!D63 -> #REF! | E63: ='шпоргалка-1'!E63 -> #REF! | G63: ='шпоргалка-2'!A63 -> 6 | H63: ='шпоргалка-2'!B63 -> резерв | I63: ='шпоргалка-2'!C63 | J63: ='шпоргалка-2'!D63 | K63: ='шпоргалка-2'!E63 | M63: ='шпоргалка-3'!A63 -> 6 | N63: ='шпоргалка-3'!B63 -> резерв | O63: ='шпоргалка-3'!C63 | P63: ='шпоргалка-3'!D63 | Q63: ='шпоргалка-3'!E63
A64: ='шпоргалка-1'!A64 -> 7 | B64: ='шпоргалка-1'!B64 -> #REF! | C64: ='шпоргалка-1'!C64 -> #REF! | D64: ='шпоргалка-1'!D64 -> #REF! | E64: ='шпоргалка-1'!E64 -> #REF! | G64: ='шпоргалка-2'!A64 -> 7 | H64: ='шпоргалка-2'!B64 -> резерв | I64: ='шпоргалка-2'!C64 | J64: ='шпоргалка-2'!D64 | K64: ='шпоргалка-2'!E64 | M64: ='шпоргалка-3'!A64 -> 7 | N64: ='шпоргалка-3'!B64 -> резерв | O64: ='шпоргалка-3'!C64 | P64: ='шпоргалка-3'!D64 | Q64: ='шпоргалка-3'!E64
A65: ='шпоргалка-1'!A65 -> 8 | B65: ='шпоргалка-1'!B65 -> #REF! | C65: ='шпоргалка-1'!C65 -> #REF! | D65: ='шпоргалка-1'!D65 -> #REF! | E65: ='шпоргалка-1'!E65 -> #REF! | G65: ='шпоргалка-2'!A65 -> 8 | H65: ='шпоргалка-2'!B65 -> резерв | I65: ='шпоргалка-2'!C65 | J65: ='шпоргалка-2'!D65 | K65: ='шпоргалка-2'!E65 | M65: ='шпоргалка-3'!A65 -> 8 | N65: ='шпоргалка-3'!B65 -> резерв | O65: ='шпоргалка-3'!C65 | P65: ='шпоргалка-3'!D65 | Q65: ='шпоргалка-3'!E65
B66: ='шпоргалка-1'!B66 -> SV004 - 8 | H66: ='шпоргалка-2'!B66 -> SV004 - 8 | N66: ='шпоргалка-3'!B66 -> SV004 - 8
A67: ='шпоргалка-1'!A67 -> 1 | B67: ='шпоргалка-1'!B67 -> #REF! | C67: ='шпоргалка-1'!C67 -> #REF! | D67: ='шпоргалка-1'!D67 -> #REF! | E67: ='шпоргалка-1'!E67 -> #REF! | G67: ='шпоргалка-2'!A67 -> 1 | H67: ='шпоргалка-2'!B67 -> резерв | I67: ='шпоргалка-2'!C67 | J67: ='шпоргалка-2'!D67 | K67: ='шпоргалка-2'!E67 | M67: ='шпоргалка-3'!A67 -> 1 | N67: ='шпоргалка-3'!B67 -> резерв | O67: ='шпоргалка-3'!C67 | P67: ='шпоргалка-3'!D67 | Q67: ='шпоргалка-3'!E67
A68: ='шпоргалка-1'!A68 -> 2 | B68: ='шпоргалка-1'!B68 -> #REF! | C68: ='шпоргалка-1'!C68 -> #REF! | D68: ='шпоргалка-1'!D68 -> #REF! | E68: ='шпоргалка-1'!E68 -> #REF! | G68: ='шпоргалка-2'!A68 -> 2 | H68: ='шпоргалка-2'!B68 -> резерв | I68: ='шпоргалка-2'!C68 | J68: ='шпоргалка-2'!D68 | K68: ='шпоргалка-2'!E68 | M68: ='шпоргалка-3'!A68 -> 2 | N68: ='шпоргалка-3'!B68 -> резерв | O68: ='шпоргалка-3'!C68 | P68: ='шпоргалка-3'!D68 | Q68: ='шпоргалка-3'!E68
A69: ='шпоргалка-1'!A69 -> 3 | B69: ='шпоргалка-1'!B69 -> #REF! | C69: ='шпоргалка-1'!C69 -> #REF! | D69: ='шпоргалка-1'!D69 -> #REF! | E69: ='шпоргалка-1'!E69 -> #REF! | G69: ='шпоргалка-2'!A69 -> 3 | H69: ='шпоргалка-2'!B69 -> резерв | I69: ='шпоргалка-2'!C69 | J69: ='шпоргалка-2'!D69 | K69: ='шпоргалка-2'!E69 | M69: ='шпоргалка-3'!A69 -> 3 | N69: ='шпоргалка-3'!B69 -> резерв | O69: ='шпоргалка-3'!C69 | P69: ='шпоргалка-3'!D69 | Q69: ='шпоргалка-3'!E69
A70: ='шпоргалка-1'!A70 -> 4 | B70: ='шпоргалка-1'!B70 -> #REF! | C70: ='шпоргалка-1'!C70 -> #REF! | D70: ='шпоргалка-1'!D70 -> #REF! | E70: ='шпоргалка-1'!E70 -> #REF! | G70: ='шпоргалка-2'!A70 -> 4 | H70: ='шпоргалка-2'!B70 -> резерв | I70: ='шпоргалка-2'!C70 | J70: ='шпоргалка-2'!D70 | K70: ='шпоргалка-2'!E70 | M70: ='шпоргалка-3'!A70 -> 4 | N70: ='шпоргалка-3'!B70 -> резерв | O70: ='шпоргалка-3'!C70 | P70: ='шпоргалка-3'!D70 | Q70: ='шпоргалка-3'!E70
A71: ='шпоргалка-1'!A71 -> 5 | B71: ='шпоргалка-1'!B71 -> #REF! | C71: ='шпоргалка-1'!C71 -> #REF! | D71: ='шпоргалка-1'!D71 -> #REF! | E71: ='шпоргалка-1'!E71 -> #REF! | G71: ='шпоргалка-2'!A71 -> 5 | H71: ='шпоргалка-2'!B71 -> резерв | I71: ='шпоргалка-2'!C71 | J71: ='шпоргалка-2'!D71 | K71: ='шпоргалка-2'!E71 | M71: ='шпоргалка-3'!A71 -> 5 | N71: ='шпоргалка-3'!B71 -> резерв | O71: ='шпоргалка-3'!C71 | P71: ='шпоргалка-3'!D71 | Q71: ='шпоргалка-3'!E71
A72: ='шпоргалка-1'!A72 -> 6 | B72: ='шпоргалка-1'!B72 -> #REF! | C72: ='шпоргалка-1'!C72 -> #REF! | D72: ='шпоргалка-1'!D72 -> #REF! | E72: ='шпоргалка-1'!E72 -> #REF! | G72: ='шпоргалка-2'!A72 -> 6 | H72: ='шпоргалка-2'!B72 -> резерв | I72: ='шпоргалка-2'!C72 | J72: ='шпоргалка-2'!D72 | K72: ='шпоргалка-2'!E72 | M72: ='шпоргалка-3'!A72 -> 6 | N72: ='шпоргалка-3'!B72 -> резерв | O72: ='шпоргалка-3'!C72 | P72: ='шпоргалка-3'!D72 | Q72: ='шпоргалка-3'!E72
A73: ='шпоргалка-1'!A73 -> 7 | B73: ='шпоргалка-1'!B73 -> #REF! | C73: ='шпоргалка-1'!C73 -> #REF! | D73: ='шпоргалка-1'!D73 -> #REF! | E73: ='шпоргалка-1'!E73 -> #REF! | G73: ='шпоргалка-2'!A73 -> 7 | H73: ='шпоргалка-2'!B73 -> резерв | I73: ='шпоргалка-2'!C73 | J73: ='шпоргалка-2'!D73 | K73: ='шпоргалка-2'!E73 | M73: ='шпоргалка-3'!A73 -> 7 | N73: ='шпоргалка-3'!B73 -> резерв | O73: ='шпоргалка-3'!C73 | P73: ='шпоргалка-3'!D73 | Q73: ='шпоргалка-3'!E73
A74: ='шпоргалка-1'!A74 -> 8 | B74: ='шпоргалка-1'!B74 -> #REF! | C74: ='шпоргалка-1'!C74 -> #REF! | D74: ='шпоргалка-1'!D74 -> #REF! | E74: ='шпоргалка-1'!E74 -> #REF! | G74: ='шпоргалка-2'!A74 -> 8 | H74: ='шпоргалка-2'!B74 -> резерв | I74: ='шпоргалка-2'!C74 | J74: ='шпоргалка-2'!D74 | K74: ='шпоргалка-2'!E74 | M74: ='шпоргалка-3'!A74 -> 8 | N74: ='шпоргалка-3'!B74 -> резерв | O74: ='шпоргалка-3'!C74 | P74: ='шпоргалка-3'!D74 | Q74: ='шпоргалка-3'!E74
B75: ='шпоргалка-1'!B75 -> SV004 - 9 | H75: ='шпоргалка-2'!B75 -> SV004 - 9 | N75: ='шпоргалка-3'!B75 -> SV004 - 9
A76: ='шпоргалка-1'!A76 -> 1 | B76: ='шпоргалка-1'!B76 -> #REF! | C76: ='шпоргалка-1'!C76 -> #REF! | D76: ='шпоргалка-1'!D76 -> #REF! | E76: ='шпоргалка-1'!E76 -> #REF! | G76: ='шпоргалка-2'!A76 -> 1 | H76: ='шпоргалка-2'!B76 -> резерв | I76: ='шпоргалка-2'!C76 | J76: ='шпоргалка-2'!D76 | K76: ='шпоргалка-2'!E76 | M76: ='шпоргалка-3'!A76 -> 1 | N76: ='шпоргалка-3'!B76 -> резерв | O76: ='шпоргалка-3'!C76 | P76: ='шпоргалка-3'!D76 | Q76: ='шпоргалка-3'!E76
A77: ='шпоргалка-1'!A77 -> 2 | B77: ='шпоргалка-1'!B77 -> #REF! | C77: ='шпоргалка-1'!C77 -> #REF! | D77: ='шпоргалка-1'!D77 -> #REF! | E77: ='шпоргалка-1'!E77 -> #REF! | G77: ='шпоргалка-2'!A77 -> 2 | H77: ='шпоргалка-2'!B77 -> резерв | I77: ='шпоргалка-2'!C77 | J77: ='шпоргалка-2'!D77 | K77: ='шпоргалка-2'!E77 | M77: ='шпоргалка-3'!A77 -> 2 | N77: ='шпоргалка-3'!B77 -> резерв | O77: ='шпоргалка-3'!C77 | P77: ='шпоргалка-3'!D77 | Q77: ='шпоргалка-3'!E77
A78: ='шпоргалка-1'!A78 -> 3 | B78: ='шпоргалка-1'!B78 -> #REF! | C78: ='шпоргалка-1'!C78 -> #REF! | D78: ='шпоргалка-1'!D78 -> #REF! | E78: ='шпоргалка-1'!E78 -> #REF! | G78: ='шпоргалка-2'!A78 -> 3 | H78: ='шпоргалка-2'!B78 -> резерв | I78: ='шпоргалка-2'!C78 | J78: ='шпоргалка-2'!D78 | K78: ='шпоргалка-2'!E78 | M78: ='шпоргалка-3'!A78 -> 3 | N78: ='шпоргалка-3'!B78 -> резерв | O78: ='шпоргалка-3'!C78 | P78: ='шпоргалка-3'!D78 | Q78: ='шпоргалка-3'!E78
A79: ='шпоргалка-1'!A79 -> 4 | B79: ='шпоргалка-1'!B79 -> #REF! | C79: ='шпоргалка-1'!C79 -> #REF! | D79: ='шпоргалка-1'!D79 -> #REF! | E79: ='шпоргалка-1'!E79 -> #REF! | G79: ='шпоргалка-2'!A79 -> 4 | H79: ='шпоргалка-2'!B79 -> резерв | I79: ='шпоргалка-2'!C79 | J79: ='шпоргалка-2'!D79 | K79: ='шпоргалка-2'!E79 | M79: ='шпоргалка-3'!A79 -> 4 | N79: ='шпоргалка-3'!B79 -> резерв | O79: ='шпоргалка-3'!C79 | P79: ='шпоргалка-3'!D79 | Q79: ='шпоргалка-3'!E79
A80: ='шпоргалка-1'!A80 -> 5 | B80: ='шпоргалка-1'!B80 -> #REF! | C80: ='шпоргалка-1'!C80 -> #REF! | D80: ='шпоргалка-1'!D80 -> #REF! | E80: ='шпоргалка-1'!E80 -> #REF! | G80: ='шпоргалка-2'!A80 -> 5 | H80: ='шпоргалка-2'!B80 -> резерв | I80: ='шпоргалка-2'!C80 | J80: ='шпоргалка-2'!D80 | K80: ='шпоргалка-2'!E80 | M80: ='шпоргалка-3'!A80 -> 5 | N80: ='шпоргалка-3'!B80 -> резерв | O80: ='шпоргалка-3'!C80 | P80: ='шпоргалка-3'!D80 | Q80: ='шпоргалка-3'!E80
A81: ='шпоргалка-1'!A81 -> 6 | B81: ='шпоргалка-1'!B81 -> #REF! | C81: ='шпоргалка-1'!C81 -> #REF! | D81: ='шпоргалка-1'!D81 -> #REF! | E81: ='шпоргалка-1'!E81 -> #REF! | G81: ='шпоргалка-2'!A81 -> 6 | H81: ='шпоргалка-2'!B81 -> резерв | I81: ='шпоргалка-2'!C81 | J81: ='шпоргалка-2'!D81 | K81: ='шпоргалка-2'!E81 | M81: ='шпоргалка-3'!A81 -> 6 | N81: ='шпоргалка-3'!B81 -> резерв | O81: ='шпоргалка-3'!C81 | P81: ='шпоргалка-3'!D81 | Q81: ='шпоргалка-3'!E81
A82: ='шпоргалка-1'!A82 -> 7 | B82: ='шпоргалка-1'!B82 -> #REF! | C82: ='шпоргалка-1'!C82 -> #REF! | D82: ='шпоргалка-1'!D82 -> #REF! | E82: ='шпоргалка-1'!E82 -> #REF! | G82: ='шпоргалка-2'!A82 -> 7 | H82: ='шпоргалка-2'!B82 -> резерв | I82: ='шпоргалка-2'!C82 | J82: ='шпоргалка-2'!D82 | K82: ='шпоргалка-2'!E82 | M82: ='шпоргалка-3'!A82 -> 7 | N82: ='шпоргалка-3'!B82 -> резерв | O82: ='шпоргалка-3'!C82 | P82: ='шпоргалка-3'!D82 | Q82: ='шпоргалка-3'!E82
A83: ='шпоргалка-1'!A83 -> 8 | B83: ='шпоргалка-1'!B83 -> #REF! | C83: ='шпоргалка-1'!C83 -> #REF! | D83: ='шпоргалка-1'!D83 -> #REF! | E83: ='шпоргалка-1'!E83 -> #REF! | G83: ='шпоргалка-2'!A83 -> 8 | H83: ='шпоргалка-2'!B83 -> резерв | I83: ='шпоргалка-2'!C83 | J83: ='шпоргалка-2'!D83 | K83: ='шпоргалка-2'!E83 | M83: ='шпоргалка-3'!A83 -> 8 | N83: ='шпоргалка-3'!B83 -> резерв | O83: ='шпоргалка-3'!C83 | P83: ='шпоргалка-3'!D83 | Q83: ='шпоргалка-3'!E83
B84: ='шпоргалка-1'!B84 -> SV004 - 10 | H84: ='шпоргалка-2'!B84 -> SV004 - 10 | N84: ='шпоргалка-3'!B84 -> SV004 - 10
A85: ='шпоргалка-1'!A85 -> 1 | B85: ='шпоргалка-1'!B85 -> #REF! | C85: ='шпоргалка-1'!C85 -> #REF! | D85: ='шпоргалка-1'!D85 -> #REF! | E85: ='шпоргалка-1'!E85 -> #REF! | G85: ='шпоргалка-2'!A85 -> 1 | H85: ='шпоргалка-2'!B85 -> резерв | I85: ='шпоргалка-2'!C85 | J85: ='шпоргалка-2'!D85 | K85: ='шпоргалка-2'!E85 | M85: ='шпоргалка-3'!A85 -> 1 | N85: ='шпоргалка-3'!B85 -> резерв | O85: ='шпоргалка-3'!C85 | P85: ='шпоргалка-3'!D85 | Q85: ='шпоргалка-3'!E85
A86: ='шпоргалка-1'!A86 -> 2 | B86: ='шпоргалка-1'!B86 -> #REF! | C86: ='шпоргалка-1'!C86 -> #REF! | D86: ='шпоргалка-1'!D86 -> #REF! | E86: ='шпоргалка-1'!E86 -> #REF! | G86: ='шпоргалка-2'!A86 -> 2 | H86: ='шпоргалка-2'!B86 -> резерв | I86: ='шпоргалка-2'!C86 | J86: ='шпоргалка-2'!D86 | K86: ='шпоргалка-2'!E86 | M86: ='шпоргалка-3'!A86 -> 2 | N86: ='шпоргалка-3'!B86 -> резерв | O86: ='шпоргалка-3'!C86 | P86: ='шпоргалка-3'!D86 | Q86: ='шпоргалка-3'!E86
A87: ='шпоргалка-1'!A87 -> 3 | B87: ='шпоргалка-1'!B87 -> #REF! | C87: ='шпоргалка-1'!C87 -> #REF! | D87: ='шпоргалка-1'!D87 -> #REF! | E87: ='шпоргалка-1'!E87 -> #REF! | G87: ='шпоргалка-2'!A87 -> 3 | H87: ='шпоргалка-2'!B87 -> резерв | I87: ='шпоргалка-2'!C87 | J87: ='шпоргалка-2'!D87 | K87: ='шпоргалка-2'!E87 | M87: ='шпоргалка-3'!A87 -> 3 | N87: ='шпоргалка-3'!B87 -> резерв | O87: ='шпоргалка-3'!C87 | P87: ='шпоргалка-3'!D87 | Q87: ='шпоргалка-3'!E87
A88: ='шпоргалка-1'!A88 -> 4 | B88: ='шпоргалка-1'!B88 -> #REF! | C88: ='шпоргалка-1'!C88 -> #REF! | D88: ='шпоргалка-1'!D88 -> #REF! | E88: ='шпоргалка-1'!E88 -> #REF! | G88: ='шпоргалка-2'!A88 -> 4 | H88: ='шпоргалка-2'!B88 -> резерв | I88: ='шпоргалка-2'!C88 | J88: ='шпоргалка-2'!D88 | K88: ='шпоргалка-2'!E88 | M88: ='шпоргалка-3'!A88 -> 4 | N88: ='шпоргалка-3'!B88 -> резерв | O88: ='шпоргалка-3'!C88 | P88: ='шпоргалка-3'!D88 | Q88: ='шпоргалка-3'!E88
A89: ='шпоргалка-1'!A89 -> 5 | B89: ='шпоргалка-1'!B89 -> #REF! | C89: ='шпоргалка-1'!C89 -> #REF! | D89: ='шпоргалка-1'!D89 -> #REF! | E89: ='шпоргалка-1'!E89 -> #REF! | G89: ='шпоргалка-2'!A89 -> 5 | H89: ='шпоргалка-2'!B89 -> резерв | I89: ='шпоргалка-2'!C89 | J89: ='шпоргалка-2'!D89 | K89: ='шпоргалка-2'!E89 | M89: ='шпоргалка-3'!A89 -> 5 | N89: ='шпоргалка-3'!B89 -> резерв | O89: ='шпоргалка-3'!C89 | P89: ='шпоргалка-3'!D89 | Q89: ='шпоргалка-3'!E89
A90: ='шпоргалка-1'!A90 -> 6 | B90: ='шпоргалка-1'!B90 -> #REF! | C90: ='шпоргалка-1'!C90 -> #REF! | D90: ='шпоргалка-1'!D90 -> #REF! | E90: ='шпоргалка-1'!E90 -> #REF! | G90: ='шпоргалка-2'!A90 -> 6 | H90: ='шпоргалка-2'!B90 -> резерв | I90: ='шпоргалка-2'!C90 | J90: ='шпоргалка-2'!D90 | K90: ='шпоргалка-2'!E90 | M90: ='шпоргалка-3'!A90 -> 6 | N90: ='шпоргалка-3'!B90 -> резерв | O90: ='шпоргалка-3'!C90 | P90: ='шпоргалка-3'!D90 | Q90: ='шпоргалка-3'!E90
A91: ='шпоргалка-1'!A91 -> 7 | B91: ='шпоргалка-1'!B91 -> #REF! | C91: ='шпоргалка-1'!C91 -> #REF! | D91: ='шпоргалка-1'!D91 -> #REF! | E91: ='шпоргалка-1'!E91 -> #REF! | G91: ='шпоргалка-2'!A91 -> 7 | H91: ='шпоргалка-2'!B91 -> резерв | I91: ='шпоргалка-2'!C91 | J91: ='шпоргалка-2'!D91 | K91: ='шпоргалка-2'!E91 | M91: ='шпоргалка-3'!A91 -> 7 | N91: ='шпоргалка-3'!B91 -> резерв | O91: ='шпоргалка-3'!C91 | P91: ='шпоргалка-3'!D91 | Q91: ='шпоргалка-3'!E91
A92: ='шпоргалка-1'!A92 -> 8 | B92: ='шпоргалка-1'!B92 -> #REF! | C92: ='шпоргалка-1'!C92 -> #REF! | D92: ='шпоргалка-1'!D92 -> #REF! | E92: ='шпоргалка-1'!E92 -> #REF! | G92: ='шпоргалка-2'!A92 -> 8 | H92: ='шпоргалка-2'!B92 -> резерв | I92: ='шпоргалка-2'!C92 | J92: ='шпоргалка-2'!D92 | K92: ='шпоргалка-2'!E92 | M92: ='шпоргалка-3'!A92 -> 8 | N92: ='шпоргалка-3'!B92 -> резерв | O92: ='шпоргалка-3'!C92 | P92: ='шпоргалка-3'!D92 | Q92: ='шпоргалка-3'!E92
A93: ='шпоргалка-1'!A93 -> 0 | B93: ='шпоргалка-1'!B93 -> SV004 - 11 | H93: ='шпоргалка-2'!B93 -> SV004 - 11 | N93: ='шпоргалка-3'!B93 -> SV004 - 11
A94: ='шпоргалка-1'!A94 -> 1 | B94: ='шпоргалка-1'!B94 -> #REF! | C94: ='шпоргалка-1'!C94 -> #REF! | D94: ='шпоргалка-1'!D94 -> #REF! | E94: ='шпоргалка-1'!E94 -> #REF! | G94: ='шпоргалка-2'!A94 -> 1 | H94: ='шпоргалка-2'!B94 -> резерв | I94: ='шпоргалка-2'!C94 | J94: ='шпоргалка-2'!D94 | K94: ='шпоргалка-2'!E94 | M94: ='шпоргалка-3'!A94 -> 1 | N94: ='шпоргалка-3'!B94 -> резерв | O94: ='шпоргалка-3'!C94 | P94: ='шпоргалка-3'!D94 | Q94: ='шпоргалка-3'!E94
A95: ='шпоргалка-1'!A95 -> 2 | B95: ='шпоргалка-1'!B95 -> #REF! | C95: ='шпоргалка-1'!C95 -> #REF! | D95: ='шпоргалка-1'!D95 -> #REF! | E95: ='шпоргалка-1'!E95 -> #REF! | G95: ='шпоргалка-2'!A95 -> 2 | H95: ='шпоргалка-2'!B95 -> резерв | I95: ='шпоргалка-2'!C95 | J95: ='шпоргалка-2'!D95 | K95: ='шпоргалка-2'!E95 | M95: ='шпоргалка-3'!A95 -> 2 | N95: ='шпоргалка-3'!B95 -> резерв | O95: ='шпоргалка-3'!C95 | P95: ='шпоргалка-3'!D95 | Q95: ='шпоргалка-3'!E95
A96: ='шпоргалка-1'!A96 -> 3 | B96: ='шпоргалка-1'!B96 -> #REF! | C96: ='шпоргалка-1'!C96 -> #REF! | D96: ='шпоргалка-1'!D96 -> #REF! | E96: ='шпоргалка-1'!E96 -> #REF! | G96: ='шпоргалка-2'!A96 -> 3 | H96: ='шпоргалка-2'!B96 -> резерв | I96: ='шпоргалка-2'!C96 | J96: ='шпоргалка-2'!D96 | K96: ='шпоргалка-2'!E96 | M96: ='шпоргалка-3'!A96 -> 3 | N96: ='шпоргалка-3'!B96 -> резерв | O96: ='шпоргалка-3'!C96 | P96: ='шпоргалка-3'!D96 | Q96: ='шпоргалка-3'!E96
A97: ='шпоргалка-1'!A97 -> 4 | B97: ='шпоргалка-1'!B97 -> #REF! | C97: ='шпоргалка-1'!C97 -> #REF! | D97: ='шпоргалка-1'!D97 -> #REF! | E97: ='шпоргалка-1'!E97 -> #REF! | G97: ='шпоргалка-2'!A97 -> 4 | H97: ='шпоргалка-2'!B97 -> резерв | I97: ='шпоргалка-2'!C97 | J97: ='шпоргалка-2'!D97 | K97: ='шпоргалка-2'!E97 | M97: ='шпоргалка-3'!A97 -> 4 | N97: ='шпоргалка-3'!B97 -> резерв | O97: ='шпоргалка-3'!C97 | P97: ='шпоргалка-3'!D97 | Q97: ='шпоргалка-3'!E97
A98: ='шпоргалка-1'!A98 -> 5 | B98: ='шпоргалка-1'!B98 -> #REF! | C98: ='шпоргалка-1'!C98 -> #REF! | D98: ='шпоргалка-1'!D98 -> #REF! | E98: ='шпоргалка-1'!E98 -> #REF! | G98: ='шпоргалка-2'!A98 -> 5 | H98: ='шпоргалка-2'!B98 -> резерв | I98: ='шпоргалка-2'!C98 | J98: ='шпоргалка-2'!D98 | K98: ='шпоргалка-2'!E98 | M98: ='шпоргалка-3'!A98 -> 5 | N98: ='шпоргалка-3'!B98 -> резерв | O98: ='шпоргалка-3'!C98 | P98: ='шпоргалка-3'!D98 | Q98: ='шпоргалка-3'!E98
A99: ='шпоргалка-1'!A99 -> 6 | B99: ='шпоргалка-1'!B99 -> #REF! | C99: ='шпоргалка-1'!C99 -> #REF! | D99: ='шпоргалка-1'!D99 -> #REF! | E99: ='шпоргалка-1'!E99 -> #REF! | G99: ='шпоргалка-2'!A99 -> 6 | H99: ='шпоргалка-2'!B99 -> резерв | I99: ='шпоргалка-2'!C99 | J99: ='шпоргалка-2'!D99 | K99: ='шпоргалка-2'!E99 | M99: ='шпоргалка-3'!A99 -> 6 | N99: ='шпоргалка-3'!B99 -> резерв | O99: ='шпоргалка-3'!C99 | P99: ='шпоргалка-3'!D99 | Q99: ='шпоргалка-3'!E99
A100: ='шпоргалка-1'!A100 -> 7 | B100: ='шпоргалка-1'!B100 -> #REF! | C100: ='шпоргалка-1'!C100 -> #REF! | D100: ='шпоргалка-1'!D100 -> #REF! | E100: ='шпоргалка-1'!E100 -> #REF! | G100: ='шпоргалка-2'!A100 -> 7 | H100: ='шпоргалка-2'!B100 -> резерв | I100: ='шпоргалка-2'!C100 | J100: ='шпоргалка-2'!D100 | K100: ='шпоргалка-2'!E100 | M100: ='шпоргалка-3'!A100 -> 7 | N100: ='шпоргалка-3'!B100 -> резерв | O100: ='шпоргалка-3'!C100 | P100: ='шпоргалка-3'!D100 | Q100: ='шпоргалка-3'!E100
A101: ='шпоргалка-1'!A101 -> 8 | B101: ='шпоргалка-1'!B101 -> #REF! | C101: ='шпоргалка-1'!C101 -> #REF! | D101: ='шпоргалка-1'!D101 -> #REF! | E101: ='шпоргалка-1'!E101 -> #REF! | G101: ='шпоргалка-2'!A101 -> 8 | H101: ='шпоргалка-2'!B101 -> резерв | I101: ='шпоргалка-2'!C101 | J101: ='шпоргалка-2'!D101 | K101: ='шпоргалка-2'!E101 | M101: ='шпоргалка-3'!A101 -> 8 | N101: ='шпоргалка-3'!B101 -> резерв | O101: ='шпоргалка-3'!C101 | P101: ='шпоргалка-3'!D101 | Q101: ='шпоргалка-3'!E101
...

Sheet Disp-1
B2: 1 | C2: =CONCATENATE("п.",'шпоргалка-1'!D4," - ",'шпоргалка-1'!B4) -> п. - резерв | D2: 1 | E2: =C2 -> п. - резерв | F2: 17 | G2: =CONCATENATE("п.",'шпоргалка-1'!D22," - ",'шпоргалка-1'!B22) -> #REF! | H2: 17 | I2: =G2 -> #REF! | K2: Display panel №1
B3: 2 | C3: =CONCATENATE("п.",'шпоргалка-1'!D5," - ",'шпоргалка-1'!B5) -> п. - резерв | D3: 2 | E3: =C3 -> п. - резерв | F3: 18 | G3: =CONCATENATE("п.",'шпоргалка-1'!D23," - ",'шпоргалка-1'!B23) -> #REF! | H3: 18 | I3: =G3 -> #REF!
B4: 3 | C4: =CONCATENATE("п.",'шпоргалка-1'!D6," - ",'шпоргалка-1'!B6) -> п. - резерв | D4: 3 | E4: =C4 -> п. - резерв | F4: 19 | G4: =CONCATENATE("п.",'шпоргалка-1'!D24," - ",'шпоргалка-1'!B24) -> #REF! | H4: 19 | I4: =G4 -> #REF!
B5: 4 | C5: =CONCATENATE("п.",'шпоргалка-1'!D7," - ",'шпоргалка-1'!B7) -> п. - резерв | D5: 4 | E5: =C5 -> п. - резерв | F5: 20 | G5: =CONCATENATE("п.",'шпоргалка-1'!D25," - ",'шпоргалка-1'!B25) -> #REF! | H5: 20 | I5: =G5 -> #REF!
B6: 5 | C6: =CONCATENATE("п.",'шпоргалка-1'!D8," - ",'шпоргалка-1'!B8) -> #REF! | D6: 5 | E6: =C6 -> #REF! | F6: 21 | G6: =CONCATENATE("п.",'шпоргалка-1'!D26," - ",'шпоргалка-1'!B26) -> #REF! | H6: 21 | I6: =G6 -> #REF!
B7: 6 | C7: =CONCATENATE("п.",'шпоргалка-1'!D9," - ",'шпоргалка-1'!B9) -> #REF! | D7: 6 | E7: =C7 -> #REF! | F7: 22 | G7: =CONCATENATE("п.",'шпоргалка-1'!D27," - ",'шпоргалка-1'!B27) -> #REF! | H7: 22 | I7: =G7 -> #REF!
B8: 7 | C8: =CONCATENATE("п.",'шпоргалка-1'!D10," - ",'шпоргалка-1'!B10) -> #REF! | D8: 7 | E8: =C8 -> #REF! | F8: 23 | G8: =CONCATENATE("п.",'шпоргалка-1'!D28," - ",'шпоргалка-1'!B28) -> #REF! | H8: 23 | I8: =G8 -> #REF!
B9: 8 | C9: =CONCATENATE("п.",'шпоргалка-1'!D11," - ",'шпоргалка-1'!B11) -> #REF! | D9: 8 | E9: =C9 -> #REF! | F9: 24 | G9: =CONCATENATE("п.",'шпоргалка-1'!D29," - ",'шпоргалка-1'!B29) -> #REF! | H9: 24 | I9: =G9 -> #REF!
B10: 9 | C10: =CONCATENATE("п.",'шпоргалка-1'!D13," - ",'шпоргалка-1'!B13) -> #REF! | D10: 9 | E10: =C10 -> #REF! | F10: 25 | G10: =CONCATENATE("п.",'шпоргалка-1'!D31," - ",'шпоргалка-1'!B31) -> #REF! | H10: 25 | I10: =G10 -> #REF!
B11: 10 | C11: =CONCATENATE("п.",'шпоргалка-1'!D14," - ",'шпоргалка-1'!B14) -> #REF! | D11: 10 | E11: =C11 -> #REF! | F11: 26 | G11: =CONCATENATE("п.",'шпоргалка-1'!D32," - ",'шпоргалка-1'!B32) -> #REF! | H11: 26 | I11: =G11 -> #REF!
B12: 11 | C12: =CONCATENATE("п.",'шпоргалка-1'!D15," - ",'шпоргалка-1'!B15) -> #REF! | D12: 11 | E12: =C12 -> #REF! | F12: 27 | G12: =CONCATENATE("п.",'шпоргалка-1'!D33," - ",'шпоргалка-1'!B33) -> #REF! | H12: 27 | I12: =G12 -> #REF!
B13: 12 | C13: =CONCATENATE("п.",'шпоргалка-1'!D16," - ",'шпоргалка-1'!B16) -> #REF! | D13: 12 | E13: =C13 -> #REF! | F13: 28 | G13: =CONCATENATE("п.",'шпоргалка-1'!D34," - ",'шпоргалка-1'!B34) -> #REF! | H13: 28 | I13: =G13 -> #REF!
B14: 13 | C14: =CONCATENATE("п.",'шпоргалка-1'!D17," - ",'шпоргалка-1'!B17) -> #REF! | D14: 13 | E14: =C14 -> #REF! | F14: 29 | G14: =CONCATENATE("п.",'шпоргалка-1'!D35," - ",'шпоргалка-1'!B35) -> #REF! | H14: 29 | I14: =G14 -> #REF!
B15: 14 | C15: =CONCATENATE("п.",'шпоргалка-1'!D18," - ",'шпоргалка-1'!B18) -> #REF! | D15: 14 | E15: =C15 -> #REF! | F15: 30 | G15: =CONCATENATE("п.",'шпоргалка-1'!D36," - ",'шпоргалка-1'!B36) -> #REF! | H15: 30 | I15: =G15 -> #REF!
B16: 15 | C16: =CONCATENATE("п.",'шпоргалка-1'!D19," - ",'шпоргалка-1'!B19) -> #REF! | D16: 15 | E16: =C16 -> #REF! | F16: 31 | G16: =CONCATENATE("п.",'шпоргалка-1'!D37," - ",'шпоргалка-1'!B37) -> #REF! | H16: 31 | I16: =G16 -> #REF!
B17: 16 | C17: =CONCATENATE("п.",'шпоргалка-1'!D20," - ",'шпоргалка-1'!B20) -> #REF! | D17: 16 | E17: =C17 -> #REF! | F17: 32 | G17: =CONCATENATE("п.",'шпоргалка-1'!D38," - ",'шпоргалка-1'!B38) -> #REF! | H17: 32 | I17: =G17 -> #REF!
B21: 33 | C21: =CONCATENATE("п.",'шпоргалка-1'!D40," - ",'шпоргалка-1'!B40) -> #REF! | D21: 33 | E21: =C21 -> #REF! | F21: 49 | G21: =CONCATENATE("п.",'шпоргалка-1'!D58," - ",'шпоргалка-1'!B58) -> #REF! | H21: 49 | I21: =G21 -> #REF! | K21: Display panel №2
B22: 34 | C22: =CONCATENATE("п.",'шпоргалка-1'!D41," - ",'шпоргалка-1'!B41) -> #REF! | D22: 34 | E22: =C22 -> #REF! | F22: 50 | G22: =CONCATENATE("п.",'шпоргалка-1'!D59," - ",'шпоргалка-1'!B59) -> #REF! | H22: 50 | I22: =G22 -> #REF!
B23: 35 | C23: =CONCATENATE("п.",'шпоргалка-1'!D42," - ",'шпоргалка-1'!B42) -> #REF! | D23: 35 | E23: =C23 -> #REF! | F23: 51 | G23: =CONCATENATE("п.",'шпоргалка-1'!D60," - ",'шпоргалка-1'!B60) -> #REF! | H23: 51 | I23: =G23 -> #REF!
B24: 36 | C24: =CONCATENATE("п.",'шпоргалка-1'!D43," - ",'шпоргалка-1'!B43) -> #REF! | D24: 36 | E24: =C24 -> #REF! | F24: 52 | G24: =CONCATENATE("п.",'шпоргалка-1'!D61," - ",'шпоргалка-1'!B61) -> #REF! | H24: 52 | I24: =G24 -> #REF!
B25: 37 | C25: =CONCATENATE("п.",'шпоргалка-1'!D44," - ",'шпоргалка-1'!B44) -> #REF! | D25: 37 | E25: =C25 -> #REF! | F25: 53 | G25: =CONCATENATE("п.",'шпоргалка-1'!D62," - ",'шпоргалка-1'!B62) -> #REF! | H25: 53 | I25: =G25 -> #REF!
B26: 38 | C26: =CONCATENATE("п.",'шпоргалка-1'!D45," - ",'шпоргалка-1'!B45) -> #REF! | D26: 38 | E26: =C26 -> #REF! | F26: 54 | G26: =CONCATENATE("п.",'шпоргалка-1'!D63," - ",'шпоргалка-1'!B63) -> #REF! | H26: 54 | I26: =G26 -> #REF!
B27: 39 | C27: =CONCATENATE("п.",'шпоргалка-1'!D46," - ",'шпоргалка-1'!B46) -> #REF! | D27: 39 | E27: =C27 -> #REF! | F27: 55 | G27: =CONCATENATE("п.",'шпоргалка-1'!D64," - ",'шпоргалка-1'!B64) -> #REF! | H27: 55 | I27: =G27 -> #REF!
B28: 40 | C28: =CONCATENATE("п.",'шпоргалка-1'!D47," - ",'шпоргалка-1'!B47) -> #REF! | D28: 40 | E28: =C28 -> #REF! | F28: 56 | G28: =CONCATENATE("п.",'шпоргалка-1'!D65," - ",'шпоргалка-1'!B65) -> #REF! | H28: 56 | I28: =G28 -> #REF!
B29: 41 | C29: =CONCATENATE("п.",'шпоргалка-1'!D49," - ",'шпоргалка-1'!B49) -> #REF! | D29: 41 | E29: =C29 -> #REF! | F29: 57 | G29: =CONCATENATE("п.",'шпоргалка-1'!D67," - ",'шпоргалка-1'!B67) -> #REF! | H29: 57 | I29: =G29 -> #REF!
B30: 42 | C30: =CONCATENATE("п.",'шпоргалка-1'!D50," - ",'шпоргалка-1'!B50) -> #REF! | D30: 42 | E30: =C30 -> #REF! | F30: 58 | G30: =CONCATENATE("п.",'шпоргалка-1'!D68," - ",'шпоргалка-1'!B68) -> #REF! | H30: 58 | I30: =G30 -> #REF!
B31: 43 | C31: =CONCATENATE("п.",'шпоргалка-1'!D51," - ",'шпоргалка-1'!B51) -> #REF! | D31: 43 | E31: =C31 -> #REF! | F31: 59 | G31: =CONCATENATE("п.",'шпоргалка-1'!D69," - ",'шпоргалка-1'!B69) -> #REF! | H31: 59 | I31: =G31 -> #REF!
B32: 44 | C32: =CONCATENATE("п.",'шпоргалка-1'!D52," - ",'шпоргалка-1'!B52) -> #REF! | D32: 44 | E32: =C32 -> #REF! | F32: 60 | G32: =CONCATENATE("п.",'шпоргалка-1'!D70," - ",'шпоргалка-1'!B70) -> #REF! | H32: 60 | I32: =G32 -> #REF!
B33: 45 | C33: =CONCATENATE("п.",'шпоргалка-1'!D53," - ",'шпоргалка-1'!B53) -> #REF! | D33: 45 | E33: =C33 -> #REF! | F33: 61 | G33: =CONCATENATE("п.",'шпоргалка-1'!D71," - ",'шпоргалка-1'!B71) -> #REF! | H33: 61 | I33: =G33 -> #REF!
B34: 46 | C34: =CONCATENATE("п.",'шпоргалка-1'!D54," - ",'шпоргалка-1'!B54) -> #REF! | D34: 46 | E34: =C34 -> #REF! | F34: 62 | G34: =CONCATENATE("п.",'шпоргалка-1'!D72," - ",'шпоргалка-1'!B72) -> #REF! | H34: 62 | I34: =G34 -> #REF!
B35: 47 | C35: =CONCATENATE("п.",'шпоргалка-1'!D55," - ",'шпоргалка-1'!B55) -> #REF! | D35: 47 | E35: =C35 -> #REF! | F35: 63 | G35: =CONCATENATE("п.",'шпоргалка-1'!D73," - ",'шпоргалка-1'!B73) -> #REF! | H35: 63 | I35: =G35 -> #REF!
B36: 48 | C36: =CONCATENATE("п.",'шпоргалка-1'!D56," - ",'шпоргалка-1'!B56) -> #REF! | D36: 48 | E36: =C36 -> #REF! | F36: 64 | G36: =CONCATENATE("п.",'шпоргалка-1'!D74," - ",'шпоргалка-1'!B74) -> #REF! | H36: 64 | I36: =G36 -> #REF!

Sheet Disp-2
B2: 1 | C2: =CONCATENATE("п.",'шпоргалка-2'!D4," - ",'шпоргалка-2'!B4) -> п. - резерв | D2: 1 | E2: =C2 -> п. - резерв | F2: 17 | G2: =CONCATENATE("п.",'шпоргалка-2'!D22," - ",'шпоргалка-2'!B22) -> п. - резерв | H2: 17 | I2: =G2 -> п. - резерв | K2: Display panel №1
B3: 2 | C3: =CONCATENATE("п.",'шпоргалка-2'!D5," - ",'шпоргалка-2'!B5) -> п. - резерв | D3: 2 | E3: =C3 -> п. - резерв | F3: 18 | G3: =CONCATENATE("п.",'шпоргалка-2'!D23," - ",'шпоргалка-2'!B23) -> п. - резерв | H3: 18 | I3: =G3 -> п. - резерв
B4: 3 | C4: =CONCATENATE("п.",'шпоргалка-2'!D6," - ",'шпоргалка-2'!B6) -> п. - резерв | D4: 3 | E4: =C4 -> п. - резерв | F4: 19 | G4: =CONCATENATE("п.",'шпоргалка-2'!D24," - ",'шпоргалка-2'!B24) -> п. - резерв | H4: 19 | I4: =G4 -> п. - резерв
B5: 4 | C5: =CONCATENATE("п.",'шпоргалка-2'!D7," - ",'шпоргалка-2'!B7) -> п. - резерв | D5: 4 | E5: =C5 -> п. - резерв | F5: 20 | G5: =CONCATENATE("п.",'шпоргалка-2'!D25," - ",'шпоргалка-2'!B25) -> п. - резерв | H5: 20 | I5: =G5 -> п. - резерв
B6: 5 | C6: =CONCATENATE("п.",'шпоргалка-2'!D8," - ",'шпоргалка-2'!B8) -> п. - резерв | D6: 5 | E6: =C6 -> п. - резерв | F6: 21 | G6: =CONCATENATE("п.",'шпоргалка-2'!D26," - ",'шпоргалка-2'!B26) -> п. - резерв | H6: 21 | I6: =G6 -> п. - резерв
B7: 6 | C7: =CONCATENATE("п.",'шпоргалка-2'!D9," - ",'шпоргалка-2'!B9) -> п. - резерв | D7: 6 | E7: =C7 -> п. - резерв | F7: 22 | G7: =CONCATENATE("п.",'шпоргалка-2'!D27," - ",'шпоргалка-2'!B27) -> п. - резерв | H7: 22 | I7: =G7 -> п. - резерв
B8: 7 | C8: =CONCATENATE("п.",'шпоргалка-2'!D10," - ",'шпоргалка-2'!B10) -> п. - резерв | D8: 7 | E8: =C8 -> п. - резерв | F8: 23 | G8: =CONCATENATE("п.",'шпоргалка-2'!D28," - ",'шпоргалка-2'!B28) -> п. - резерв | H8: 23 | I8: =G8 -> п. - резерв
B9: 8 | C9: =CONCATENATE("п.",'шпоргалка-2'!D11," - ",'шпоргалка-2'!B11) -> п. - резерв | D9: 8 | E9: =C9 -> п. - резерв | F9: 24 | G9: =CONCATENATE("п.",'шпоргалка-2'!D29," - ",'шпоргалка-2'!B29) -> п. - резерв | H9: 24 | I9: =G9 -> п. - резерв
B10: 9 | C10: =CONCATENATE("п.",'шпоргалка-2'!D13," - ",'шпоргалка-2'!B13) -> п. - резерв | D10: 9 | E10: =C10 -> п. - резерв | F10: 25 | G10: =CONCATENATE("п.",'шпоргалка-2'!D31," - ",'шпоргалка-2'!B31) -> п. - резерв | H10: 25 | I10: =G10 -> п. - резерв
B11: 10 | C11: =CONCATENATE("п.",'шпоргалка-2'!D14," - ",'шпоргалка-2'!B14) -> п. - резерв | D11: 10 | E11: =C11 -> п. - резерв | F11: 26 | G11: =CONCATENATE("п.",'шпоргалка-2'!D32," - ",'шпоргалка-2'!B32) -> п. - резерв | H11: 26 | I11: =G11 -> п. - резерв
B12: 11 | C12: =CONCATENATE("п.",'шпоргалка-2'!D15," - ",'шпоргалка-2'!B15) -> п. - резерв | D12: 11 | E12: =C12 -> п. - резерв | F12: 27 | G12: =CONCATENATE("п.",'шпоргалка-2'!D33," - ",'шпоргалка-2'!B33) -> п. - резерв | H12: 27 | I12: =G12 -> п. - резерв
B13: 12 | C13: =CONCATENATE("п.",'шпоргалка-2'!D16," - ",'шпоргалка-2'!B16) -> п. - резерв | D13: 12 | E13: =C13 -> п. - резерв | F13: 28 | G13: =CONCATENATE("п.",'шпоргалка-2'!D34," - ",'шпоргалка-2'!B34) -> п. - резерв | H13: 28 | I13: =G13 -> п. - резерв
B14: 13 | C14: =CONCATENATE("п.",'шпоргалка-2'!D17," - ",'шпоргалка-2'!B17) -> п. - резерв | D14: 13 | E14: =C14 -> п. - резерв | F14: 29 | G14: =CONCATENATE("п.",'шпоргалка-2'!D35," - ",'шпоргалка-2'!B35) -> п. - резерв | H14: 29 | I14: =G14 -> п. - резерв
B15: 14 | C15: =CONCATENATE("п.",'шпоргалка-2'!D18," - ",'шпоргалка-2'!B18) -> п. - резерв | D15: 14 | E15: =C15 -> п. - резерв | F15: 30 | G15: =CONCATENATE("п.",'шпоргалка-2'!D36," - ",'шпоргалка-2'!B36) -> п. - резерв | H15: 30 | I15: =G15 -> п. - резерв
B16: 15 | C16: =CONCATENATE("п.",'шпоргалка-2'!D19," - ",'шпоргалка-2'!B19) -> п. - резерв | D16: 15 | E16: =C16 -> п. - резерв | F16: 31 | G16: =CONCATENATE("п.",'шпоргалка-2'!D37," - ",'шпоргалка-2'!B37) -> п. - резерв | H16: 31 | I16: =G16 -> п. - резерв
B17: 16 | C17: =CONCATENATE("п.",'шпоргалка-2'!D20," - ",'шпоргалка-2'!B20) -> п. - резерв | D17: 16 | E17: =C17 -> п. - резерв | F17: 32 | G17: =CONCATENATE("п.",'шпоргалка-2'!D38," - ",'шпоргалка-2'!B38) -> п. - резерв | H17: 32 | I17: =G17 -> п. - резерв
B21: 33 | C21: =CONCATENATE("п.",'шпоргалка-2'!D40," - ",'шпоргалка-2'!B40) -> п. - резерв | D21: 33 | E21: =C21 -> п. - резерв | F21: 49 | G21: =CONCATENATE("п.",'шпоргалка-2'!D58," - ",'шпоргалка-2'!B58) -> п. - резерв | H21: 49 | I21: =G21 -> п. - резерв | K21: Display panel №2
B22: 34 | C22: =CONCATENATE("п.",'шпоргалка-2'!D41," - ",'шпоргалка-2'!B41) -> п. - резерв | D22: 34 | E22: =C22 -> п. - резерв | F22: 50 | G22: =CONCATENATE("п.",'шпоргалка-2'!D59," - ",'шпоргалка-2'!B59) -> п. - резерв | H22: 50 | I22: =G22 -> п. - резерв
B23: 35 | C23: =CONCATENATE("п.",'шпоргалка-2'!D42," - ",'шпоргалка-2'!B42) -> п. - резерв | D23: 35 | E23: =C23 -> п. - резерв | F23: 51 | G23: =CONCATENATE("п.",'шпоргалка-2'!D60," - ",'шпоргалка-2'!B60) -> п. - резерв | H23: 51 | I23: =G23 -> п. - резерв
B24: 36 | C24: =CONCATENATE("п.",'шпоргалка-2'!D43," - ",'шпоргалка-2'!B43) -> п. - резерв | D24: 36 | E24: =C24 -> п. - резерв | F24: 52 | G24: =CONCATENATE("п.",'шпоргалка-2'!D61," - ",'шпоргалка-2'!B61) -> п. - резерв | H24: 52 | I24: =G24 -> п. - резерв
B25: 37 | C25: =CONCATENATE("п.",'шпоргалка-2'!D44," - ",'шпоргалка-2'!B44) -> п. - резерв | D25: 37 | E25: =C25 -> п. - резерв | F25: 53 | G25: =CONCATENATE("п.",'шпоргалка-2'!D62," - ",'шпоргалка-2'!B62) -> п. - резерв | H25: 53 | I25: =G25 -> п. - резерв
B26: 38 | C26: =CONCATENATE("п.",'шпоргалка-2'!D45," - ",'шпоргалка-2'!B45) -> п. - резерв | D26: 38 | E26: =C26 -> п. - резерв | F26: 54 | G26: =CONCATENATE("п.",'шпоргалка-2'!D63," - ",'шпоргалка-2'!B63) -> п. - резерв | H26: 54 | I26: =G26 -> п. - резерв
B27: 39 | C27: =CONCATENATE("п.",'шпоргалка-2'!D46," - ",'шпоргалка-2'!B46) -> п. - резерв | D27: 39 | E27: =C27 -> п. - резерв | F27: 55 | G27: =CONCATENATE("п.",'шпоргалка-2'!D64," - ",'шпоргалка-2'!B64) -> п. - резерв | H27: 55 | I27: =G27 -> п. - резерв
B28: 40 | C28: =CONCATENATE("п.",'шпоргалка-2'!D47," - ",'шпоргалка-2'!B47) -> п. - резерв | D28: 40 | E28: =C28 -> п. - резерв | F28: 56 | G28: =CONCATENATE("п.",'шпоргалка-2'!D65," - ",'шпоргалка-2'!B65) -> п. - резерв | H28: 56 | I28: =G28 -> п. - резерв
B29: 41 | C29: =CONCATENATE("п.",'шпоргалка-2'!D49," - ",'шпоргалка-2'!B49) -> п. - резерв | D29: 41 | E29: =C29 -> п. - резерв | F29: 57 | G29: =CONCATENATE("п.",'шпоргалка-2'!D67," - ",'шпоргалка-2'!B67) -> п. - резерв | H29: 57 | I29: =G29 -> п. - резерв
B30: 42 | C30: =CONCATENATE("п.",'шпоргалка-2'!D50," - ",'шпоргалка-2'!B50) -> п. - резерв | D30: 42 | E30: =C30 -> п. - резерв | F30: 58 | G30: =CONCATENATE("п.",'шпоргалка-2'!D68," - ",'шпоргалка-2'!B68) -> п. - резерв | H30: 58 | I30: =G30 -> п. - резерв
B31: 43 | C31: =CONCATENATE("п.",'шпоргалка-2'!D51," - ",'шпоргалка-2'!B51) -> п. - резерв | D31: 43 | E31: =C31 -> п. - резерв | F31: 59 | G31: =CONCATENATE("п.",'шпоргалка-2'!D69," - ",'шпоргалка-2'!B69) -> п. - резерв | H31: 59 | I31: =G31 -> п. - резерв
B32: 44 | C32: =CONCATENATE("п.",'шпоргалка-2'!D52," - ",'шпоргалка-2'!B52) -> п. - резерв | D32: 44 | E32: =C32 -> п. - резерв | F32: 60 | G32: =CONCATENATE("п.",'шпоргалка-2'!D70," - ",'шпоргалка-2'!B70) -> п. - резерв | H32: 60 | I32: =G32 -> п. - резерв
B33: 45 | C33: =CONCATENATE("п.",'шпоргалка-2'!D53," - ",'шпоргалка-2'!B53) -> п. - резерв | D33: 45 | E33: =C33 -> п. - резерв | F33: 61 | G33: =CONCATENATE("п.",'шпоргалка-2'!D71," - ",'шпоргалка-2'!B71) -> п. - резерв | H33: 61 | I33: =G33 -> п. - резерв
B34: 46 | C34: =CONCATENATE("п.",'шпоргалка-2'!D54," - ",'шпоргалка-2'!B54) -> п. - резерв | D34: 46 | E34: =C34 -> п. - резерв | F34: 62 | G34: =CONCATENATE("п.",'шпоргалка-2'!D72," - ",'шпоргалка-2'!B72) -> п. - резерв | H34: 62 | I34: =G34 -> п. - резерв
B35: 47 | C35: =CONCATENATE("п.",'шпоргалка-2'!D55," - ",'шпоргалка-2'!B55) -> п. - резерв | D35: 47 | E35: =C35 -> п. - резерв | F35: 63 | G35: =CONCATENATE("п.",'шпоргалка-2'!D73," - ",'шпоргалка-2'!B73) -> п. - резерв | H35: 63 | I35: =G35 -> п. - резерв
B36: 48 | C36: =CONCATENATE("п.",'шпоргалка-2'!D56," - ",'шпоргалка-2'!B56) -> п. - резерв | D36: 48 | E36: =C36 -> п. - резерв | F36: 64 | G36: =CONCATENATE("п.",'шпоргалка-2'!D74," - ",'шпоргалка-2'!B74) -> п. - резерв | H36: 64 | I36: =G36 -> п. - резерв

Sheet Disp-3
B2: 1 | C2: =CONCATENATE("п.",'шпоргалка-3'!D4," - ",'шпоргалка-3'!B4) -> п. - резерв | D2: 1 | E2: =C2 -> п. - резерв | F2: 17 | G2: =CONCATENATE("п.",'шпоргалка-3'!D22," - ",'шпоргалка-3'!B22) -> п. - резерв | H2: 17 | I2: =G2 -> п. - резерв | K2: Display panel №1
B3: 2 | C3: =CONCATENATE("п.",'шпоргалка-3'!D5," - ",'шпоргалка-3'!B5) -> п. - резерв | D3: 2 | E3: =C3 -> п. - резерв | F3: 18 | G3: =CONCATENATE("п.",'шпоргалка-3'!D23," - ",'шпоргалка-3'!B23) -> п. - резерв | H3: 18 | I3: =G3 -> п. - резерв
B4: 3 | C4: =CONCATENATE("п.",'шпоргалка-3'!D6," - ",'шпоргалка-3'!B6) -> п. - резерв | D4: 3 | E4: =C4 -> п. - резерв | F4: 19 | G4: =CONCATENATE("п.",'шпоргалка-3'!D24," - ",'шпоргалка-3'!B24) -> п. - резерв | H4: 19 | I4: =G4 -> п. - резерв
B5: 4 | C5: =CONCATENATE("п.",'шпоргалка-3'!D7," - ",'шпоргалка-3'!B7) -> п. - резерв | D5: 4 | E5: =C5 -> п. - резерв | F5: 20 | G5: =CONCATENATE("п.",'шпоргалка-3'!D25," - ",'шпоргалка-3'!B25) -> п. - резерв | H5: 20 | I5: =G5 -> п. - резерв
B6: 5 | C6: =CONCATENATE("п.",'шпоргалка-3'!D8," - ",'шпоргалка-3'!B8) -> п. - резерв | D6: 5 | E6: =C6 -> п. - резерв | F6: 21 | G6: =CONCATENATE("п.",'шпоргалка-3'!D26," - ",'шпоргалка-3'!B26) -> п. - резерв | H6: 21 | I6: =G6 -> п. - резерв
B7: 6 | C7: =CONCATENATE("п.",'шпоргалка-3'!D9," - ",'шпоргалка-3'!B9) -> п. - резерв | D7: 6 | E7: =C7 -> п. - резерв | F7: 22 | G7: =CONCATENATE("п.",'шпоргалка-3'!D27," - ",'шпоргалка-3'!B27) -> п. - резерв | H7: 22 | I7: =G7 -> п. - резерв
B8: 7 | C8: =CONCATENATE("п.",'шпоргалка-3'!D10," - ",'шпоргалка-3'!B10) -> п. - резерв | D8: 7 | E8: =C8 -> п. - резерв | F8: 23 | G8: =CONCATENATE("п.",'шпоргалка-3'!D28," - ",'шпоргалка-3'!B28) -> п. - резерв | H8: 23 | I8: =G8 -> п. - резерв
B9: 8 | C9: =CONCATENATE("п.",'шпоргалка-3'!D11," - ",'шпоргалка-3'!B11) -> п. - резерв | D9: 8 | E9: =C9 -> п. - резерв | F9: 24 | G9: =CONCATENATE("п.",'шпоргалка-3'!D29," - ",'шпоргалка-3'!B29) -> п. - резерв | H9: 24 | I9: =G9 -> п. - резерв
B10: 9 | C10: =CONCATENATE("п.",'шпоргалка-3'!D13," - ",'шпоргалка-3'!B13) -> п. - резерв | D10: 9 | E10: =C10 -> п. - резерв | F10: 25 | G10: =CONCATENATE("п.",'шпоргалка-3'!D31," - ",'шпоргалка-3'!B31) -> п. - резерв | H10: 25 | I10: =G10 -> п. - резерв
B11: 10 | C11: =CONCATENATE("п.",'шпоргалка-3'!D14," - ",'шпоргалка-3'!B14) -> п. - резерв | D11: 10 | E11: =C11 -> п. - резерв | F11: 26 | G11: =CONCATENATE("п.",'шпоргалка-3'!D32," - ",'шпоргалка-3'!B32) -> п. - резерв | H11: 26 | I11: =G11 -> п. - резерв
B12: 11 | C12: =CONCATENATE("п.",'шпоргалка-3'!D15," - ",'шпоргалка-3'!B15) -> п. - резерв | D12: 11 | E12: =C12 -> п. - резерв | F12: 27 | G12: =CONCATENATE("п.",'шпоргалка-3'!D33," - ",'шпоргалка-3'!B33) -> п. - резерв | H12: 27 | I12: =G12 -> п. - резерв
B13: 12 | C13: =CONCATENATE("п.",'шпоргалка-3'!D16," - ",'шпоргалка-3'!B16) -> п. - резерв | D13: 12 | E13: =C13 -> п. - резерв | F13: 28 | G13: =CONCATENATE("п.",'шпоргалка-3'!D34," - ",'шпоргалка-3'!B34) -> п. - резерв | H13: 28 | I13: =G13 -> п. - резерв
B14: 13 | C14: =CONCATENATE("п.",'шпоргалка-3'!D17," - ",'шпоргалка-3'!B17) -> п. - резерв | D14: 13 | E14: =C14 -> п. - резерв | F14: 29 | G14: =CONCATENATE("п.",'шпоргалка-3'!D35," - ",'шпоргалка-3'!B35) -> п. - резерв | H14: 29 | I14: =G14 -> п. - резерв
B15: 14 | C15: =CONCATENATE("п.",'шпоргалка-3'!D18," - ",'шпоргалка-3'!B18) -> п. - резерв | D15: 14 | E15: =C15 -> п. - резерв | F15: 30 | G15: =CONCATENATE("п.",'шпоргалка-3'!D36," - ",'шпоргалка-3'!B36) -> п. - резерв | H15: 30 | I15: =G15 -> п. - резерв
B16: 15 | C16: =CONCATENATE("п.",'шпоргалка-3'!D19," - ",'шпоргалка-3'!B19) -> п. - резерв | D16: 15 | E16: =C16 -> п. - резерв | F16: 31 | G16: =CONCATENATE("п.",'шпоргалка-3'!D37," - ",'шпоргалка-3'!B37) -> п. - резерв | H16: 31 | I16: =G16 -> п. - резерв
B17: 16 | C17: =CONCATENATE("п.",'шпоргалка-3'!D20," - ",'шпоргалка-3'!B20) -> п. - резерв | D17: 16 | E17: =C17 -> п. - резерв | F17: 32 | G17: =CONCATENATE("п.",'шпоргалка-3'!D38," - ",'шпоргалка-3'!B38) -> п. - резерв | H17: 32 | I17: =G17 -> п. - резерв
B21: 33 | C21: =CONCATENATE("п.",'шпоргалка-3'!D40," - ",'шпоргалка-3'!B40) -> п. - резерв | D21: 33 | E21: =C21 -> п. - резерв | F21: 49 | G21: =CONCATENATE("п.",'шпоргалка-3'!D58," - ",'шпоргалка-3'!B58) -> п. - резерв | H21: 49 | I21: =G21 -> п. - резерв | K21: Display panel №2
B22: 34 | C22: =CONCATENATE("п.",'шпоргалка-3'!D41," - ",'шпоргалка-3'!B41) -> п. - резерв | D22: 34 | E22: =C22 -> п. - резерв | F22: 50 | G22: =CONCATENATE("п.",'шпоргалка-3'!D59," - ",'шпоргалка-3'!B59) -> п. - резерв | H22: 50 | I22: =G22 -> п. - резерв
B23: 35 | C23: =CONCATENATE("п.",'шпоргалка-3'!D42," - ",'шпоргалка-3'!B42) -> п. - резерв | D23: 35 | E23: =C23 -> п. - резерв | F23: 51 | G23: =CONCATENATE("п.",'шпоргалка-3'!D60," - ",'шпоргалка-3'!B60) -> п. - резерв | H23: 51 | I23: =G23 -> п. - резерв
B24: 36 | C24: =CONCATENATE("п.",'шпоргалка-3'!D43," - ",'шпоргалка-3'!B43) -> п. - резерв | D24: 36 | E24: =C24 -> п. - резерв | F24: 52 | G24: =CONCATENATE("п.",'шпоргалка-3'!D61," - ",'шпоргалка-3'!B61) -> п. - резерв | H24: 52 | I24: =G24 -> п. - резерв
B25: 37 | C25: =CONCATENATE("п.",'шпоргалка-3'!D44," - ",'шпоргалка-3'!B44) -> п. - резерв | D25: 37 | E25: =C25 -> п. - резерв | F25: 53 | G25: =CONCATENATE("п.",'шпоргалка-3'!D62," - ",'шпоргалка-3'!B62) -> п. - резерв | H25: 53 | I25: =G25 -> п. - резерв
B26: 38 | C26: =CONCATENATE("п.",'шпоргалка-3'!D45," - ",'шпоргалка-3'!B45) -> п. - резерв | D26: 38 | E26: =C26 -> п. - резерв | F26: 54 | G26: =CONCATENATE("п.",'шпоргалка-3'!D63," - ",'шпоргалка-3'!B63) -> п. - резерв | H26: 54 | I26: =G26 -> п. - резерв
B27: 39 | C27: =CONCATENATE("п.",'шпоргалка-3'!D46," - ",'шпоргалка-3'!B46) -> п. - резерв | D27: 39 | E27: =C27 -> п. - резерв | F27: 55 | G27: =CONCATENATE("п.",'шпоргалка-3'!D64," - ",'шпоргалка-3'!B64) -> п. - резерв | H27: 55 | I27: =G27 -> п. - резерв
B28: 40 | C28: =CONCATENATE("п.",'шпоргалка-3'!D47," - ",'шпоргалка-3'!B47) -> п. - резерв | D28: 40 | E28: =C28 -> п. - резерв | F28: 56 | G28: =CONCATENATE("п.",'шпоргалка-3'!D65," - ",'шпоргалка-3'!B65) -> п. - резерв | H28: 56 | I28: =G28 -> п. - резерв
B29: 41 | C29: =CONCATENATE("п.",'шпоргалка-3'!D49," - ",'шпоргалка-3'!B49) -> п. - резерв | D29: 41 | E29: =C29 -> п. - резерв | F29: 57 | G29: =CONCATENATE("п.",'шпоргалка-3'!D67," - ",'шпоргалка-3'!B67) -> п. - резерв | H29: 57 | I29: =G29 -> п. - резерв
B30: 42 | C30: =CONCATENATE("п.",'шпоргалка-3'!D50," - ",'шпоргалка-3'!B50) -> п. - резерв | D30: 42 | E30: =C30 -> п. - резерв | F30: 58 | G30: =CONCATENATE("п.",'шпоргалка-3'!D68," - ",'шпоргалка-3'!B68) -> п. - резерв | H30: 58 | I30: =G30 -> п. - резерв
B31: 43 | C31: =CONCATENATE("п.",'шпоргалка-3'!D51," - ",'шпоргалка-3'!B51) -> п. - резерв | D31: 43 | E31: =C31 -> п. - резерв | F31: 59 | G31: =CONCATENATE("п.",'шпоргалка-3'!D69," - ",'шпоргалка-3'!B69) -> п. - резерв | H31: 59 | I31: =G31 -> п. - резерв
B32: 44 | C32: =CONCATENATE("п.",'шпоргалка-3'!D52," - ",'шпоргалка-3'!B52) -> п. - резерв | D32: 44 | E32: =C32 -> п. - резерв | F32: 60 | G32: =CONCATENATE("п.",'шпоргалка-3'!D70," - ",'шпоргалка-3'!B70) -> п. - резерв | H32: 60 | I32: =G32 -> п. - резерв
B33: 45 | C33: =CONCATENATE("п.",'шпоргалка-3'!D53," - ",'шпоргалка-3'!B53) -> п. - резерв | D33: 45 | E33: =C33 -> п. - резерв | F33: 61 | G33: =CONCATENATE("п.",'шпоргалка-3'!D71," - ",'шпоргалка-3'!B71) -> п. - резерв | H33: 61 | I33: =G33 -> п. - резерв
B34: 46 | C34: =CONCATENATE("п.",'шпоргалка-3'!D54," - ",'шпоргалка-3'!B54) -> п. - резерв | D34: 46 | E34: =C34 -> п. - резерв | F34: 62 | G34: =CONCATENATE("п.",'шпоргалка-3'!D72," - ",'шпоргалка-3'!B72) -> п. - резерв | H34: 62 | I34: =G34 -> п. - резерв
B35: 47 | C35: =CONCATENATE("п.",'шпоргалка-3'!D55," - ",'шпоргалка-3'!B55) -> п. - резерв | D35: 47 | E35: =C35 -> п. - резерв | F35: 63 | G35: =CONCATENATE("п.",'шпоргалка-3'!D73," - ",'шпоргалка-3'!B73) -> п. - резерв | H35: 63 | I35: =G35 -> п. - резерв
B36: 48 | C36: =CONCATENATE("п.",'шпоргалка-3'!D56," - ",'шпоргалка-3'!B56) -> п. - резерв | D36: 48 | E36: =C36 -> п. - резерв | F36: 64 | G36: =CONCATENATE("п.",'шпоргалка-3'!D74," - ",'шпоргалка-3'!B74) -> п. - резерв | H36: 64 | I36: =G36 -> п. - резерв
